panel,variant,metric,value,z,scale_median,scale_mad
FP1,original,amp_dev_db,0.0,-0.6744907594765952,-1.1724397944740337,1.1724397944740337
FP1,fk_filter,amp_dev_db,7.900506842688078,-5.219558988728632,-1.1724397944740337,1.1724397944740337
FP1,fx_deconv,amp_dev_db,-6.487788645925647,3.057857384742708,-1.1724397944740337,1.1724397944740337
FP1,wavelet_threshold,amp_dev_db,-0.957685774778846,-0.12354544986238682,-1.1724397944740337,1.1724397944740337
FP1,ssa_decomposition,amp_dev_db,-1.3556038699157495,0.10537212821996843,-1.1724397944740337,1.1724397944740337
FP1,svd_lowrank,amp_dev_db,-10.666807893012653,5.461997775678108,-1.1724397944740337,1.1724397944740337
FP1,fusion_g0.4,amp_dev_db,-4.538242326568759,1.9363064242793382,-1.1724397944740337,1.1724397944740337
FP1,fusion_g0.5,amp_dev_db,-4.533607757871425,1.9336402116727338,-1.1724397944740337,1.1724397944740337
FP1,fusion_g0.6,amp_dev_db,-4.51107019281083,1.9206746168113844,-1.1724397944740337,1.1724397944740337
FP2,original,amp_dev_db,0.0,-0.6744907594765952,-1.1724397944740337,1.1724397944740337
FP2,fk_filter,amp_dev_db,-3.9658977145093326,1.607043332144632,-1.1724397944740337,1.1724397944740337
FP2,fx_deconv,amp_dev_db,-3.329802345507688,1.2411051828600153,-1.1724397944740337,1.1724397944740337
FP2,wavelet_threshold,amp_dev_db,-0.8984444311551918,-0.15762629481618493,-1.1724397944740337,1.1724397944740337
FP2,ssa_decomposition,amp_dev_db,-0.18308692504727292,-0.5691630149668924,-1.1724397944740337,1.1724397944740337
FP2,svd_lowrank,amp_dev_db,-0.9892757190323178,-0.10537212821996843,-1.1724397944740337,1.1724397944740337
FP2,fusion_g0.4,amp_dev_db,-4.447290748399946,1.88398305609974,-1.1724397944740337,1.1724397944740337
FP2,fusion_g0.5,amp_dev_db,-4.446067545031821,1.8832793616561958,-1.1724397944740337,1.1724397944740337
FP2,fusion_g0.6,amp_dev_db,-4.439910279565672,1.879737159591633,-1.1724397944740337,1.1724397944740337
FP3,original,amp_dev_db,0.0,-0.6744907594765952,-1.1724397944740337,1.1724397944740337
FP3,fk_filter,amp_dev_db,-2.8740693288473422,0.9789273636026153,-1.1724397944740337,1.1724397944740337
FP3,fx_deconv,amp_dev_db,-2.7635664381272047,0.9153563563428174,-1.1724397944740337,1.1724397944740337
FP3,wavelet_threshold,amp_dev_db,-1.6682587243058293,0.2852387714246312,-1.1724397944740337,1.1724397944740337
FP3,ssa_decomposition,amp_dev_db,-0.3854628345428491,-0.4527385456348247,-1.1724397944740337,1.1724397944740337
FP3,svd_lowrank,amp_dev_db,-2.5444181661106984,0.7892829450452188,-1.1724397944740337,1.1724397944740337
FP3,fusion_g0.4,amp_dev_db,-3.593610436291663,1.3928708601660962,-1.1724397944740337,1.1724397944740337
FP3,fusion_g0.5,amp_dev_db,-3.589864159818709,1.390715671579559,-1.1724397944740337,1.1724397944740337
FP3,fusion_g0.6,amp_dev_db,-3.584205034369673,1.3874600435805062,-1.1724397944740337,1.1724397944740337
FP1,original,spectral_residual,0.0,0.6744907594765952,0.018438408454730222,0.018438408454730222
FP1,fk_filter,spectral_residual,0.7336169316087899,-26.16176479807727,0.018438408454730222,0.018438408454730222
FP1,fx_deconv,spectral_residual,0.8575888492665079,-30.696750184696832,0.018438408454730222,0.018438408454730222
FP1,wavelet_threshold,spectral_residual,2.3090526483769816e-05,0.6736460907632954,0.018438408454730222,0.018438408454730222
FP1,ssa_decomposition,spectral_residual,0.018016854250994085,0.015420767781375105,0.018438408454730222,0.018438408454730222
FP1,svd_lowrank,spectral_residual,0.03798248558614505,-0.7149369458867441,0.018438408454730222,0.018438408454730222
FP1,fusion_g0.4,spectral_residual,0.2026949278083238,-6.740241164656294,0.018438408454730222,0.018438408454730222
FP1,fusion_g0.5,spectral_residual,0.1993930182044284,-6.6194548439756105,0.018438408454730222,0.018438408454730222
FP1,fusion_g0.6,spectral_residual,0.1959378185016781,-6.493061056931942,0.018438408454730222,0.018438408454730222
FP2,original,spectral_residual,0.0,0.6744907594765952,0.018438408454730222,0.018438408454730222
FP2,fk_filter,spectral_residual,0.6513548754188917,-23.152557311874926,0.018438408454730222,0.018438408454730222
FP2,fx_deconv,spectral_residual,0.4779343528218033,-16.80870500583002,0.018438408454730222,0.018438408454730222
FP2,wavelet_threshold,spectral_residual,0.0006302572056637512,0.651435479930237,0.018438408454730222,0.018438408454730222
FP2,ssa_decomposition,spectral_residual,0.005531688127559828,0.4721374741859487,0.018438408454730222,0.018438408454730222
FP2,svd_lowrank,spectral_residual,0.01999110938923344,-0.056798960448477494,0.018438408454730222,0.018438408454730222
FP2,fusion_g0.4,spectral_residual,0.11757746071399508,-3.626580613848311,0.018438408454730222,0.018438408454730222
FP2,fusion_g0.5,spectral_residual,0.1160019954678056,-3.5689489178675924,0.018438408454730222,0.018438408454730222
FP2,fusion_g0.6,spectral_residual,0.11435302213607869,-3.508628241188591,0.018438408454730222,0.018438408454730222
FP3,original,spectral_residual,0.0,0.6744907594765952,0.018438408454730222,0.018438408454730222
FP3,fk_filter,spectral_residual,0.6169144552138193,-21.892701004979145,0.018438408454730222,0.018438408454730222
FP3,fx_deconv,spectral_residual,0.5633803003632232,-19.934381616851425,0.018438408454730222,0.018438408454730222
FP3,wavelet_threshold,spectral_residual,0.0009858880974606132,0.6384262361611595,0.018438408454730222,0.018438408454730222
FP3,ssa_decomposition,spectral_residual,0.00778581953616565,0.3896796628470018,0.018438408454730222,0.018438408454730222
FP3,svd_lowrank,spectral_residual,0.01885996265846636,-0.015420767781375105,0.018438408454730222,0.018438408454730222
FP3,fusion_g0.4,spectral_residual,0.13979458188850333,-4.439299508278339,0.018438408454730222,0.018438408454730222
FP3,fusion_g0.5,spectral_residual,0.13803906401579324,-4.375081352674177,0.018438408454730222,0.018438408454730222
FP3,fusion_g0.6,spectral_residual,0.13619949550953725,-4.307788562087604,0.018438408454730222,0.018438408454730222
FP1,original,continuity_gain,1.0,-0.6744907594765952,1.0137534988770849,0.01375349887708488
FP1,fk_filter,continuity_gain,1.840425789235599,40.541161630599774,1.0137534988770849,0.01375349887708488
FP1,fx_deconv,continuity_gain,1.1005800047869851,4.258092899650606,1.0137534988770849,0.01375349887708488
FP1,wavelet_threshold,continuity_gain,1.0003475771024593,-0.6574450937947505,1.0137534988770849,0.01375349887708488
FP1,ssa_decomposition,continuity_gain,1.0002801041502754,-0.6607540614377749,1.0137534988770849,0.01375349887708488
FP1,svd_lowrank,continuity_gain,1.0180670370395855,0.21154192524084164,1.0137534988770849,0.01375349887708488
FP1,fusion_g0.4,continuity_gain,1.2118705617525498,9.715936969812573,1.0137534988770849,0.01375349887708488
FP1,fusion_g0.5,continuity_gain,1.2099134261141862,9.619956309551785,1.0137534988770849,0.01375349887708488
FP1,fusion_g0.6,continuity_gain,1.2078235259826993,9.517464693453613,1.0137534988770849,0.01375349887708488
FP2,original,continuity_gain,1.0,-0.6744907594765952,1.0137534988770849,0.01375349887708488
FP2,fk_filter,continuity_gain,1.7447150885612503,35.847375433733376,1.0137534988770849,0.01375349887708488
FP2,fx_deconv,continuity_gain,1.9670448512708592,46.75073695973074,1.0137534988770849,0.01375349887708488
FP2,wavelet_threshold,continuity_gain,1.0094399607145845,-0.21154192524083074,1.0137534988770849,0.01375349887708488
FP2,ssa_decomposition,continuity_gain,1.103083810051695,4.380883000531005,1.0137534988770849,0.01375349887708488
FP2,svd_lowrank,continuity_gain,1.0055080729655401,-0.40436718212497497,1.0137534988770849,0.01375349887708488
FP2,fusion_g0.4,continuity_gain,1.4884197560777326,23.27829501266784,1.0137534988770849,0.01375349887708488
FP2,fusion_g0.5,continuity_gain,1.482960153188369,23.010548475426837,1.0137534988770849,0.01375349887708488
FP2,fusion_g0.6,continuity_gain,1.477126989413059,22.724481991536297,1.0137534988770849,0.01375349887708488
FP3,original,continuity_gain,nan,nan,1.0137534988770849,0.01375349887708488
FP3,fk_filter,continuity_gain,nan,nan,1.0137534988770849,0.01375349887708488
FP3,fx_deconv,continuity_gain,nan,nan,1.0137534988770849,0.01375349887708488
FP3,wavelet_threshold,continuity_gain,nan,nan,1.0137534988770849,0.01375349887708488
FP3,ssa_decomposition,continuity_gain,nan,nan,1.0137534988770849,0.01375349887708488
FP3,svd_lowrank,continuity_gain,nan,nan,1.0137534988770849,0.01375349887708488
FP3,fusion_g0.4,continuity_gain,nan,nan,1.0137534988770849,0.01375349887708488
FP3,fusion_g0.5,continuity_gain,nan,nan,1.0137534988770849,0.01375349887708488
FP3,fusion_g0.6,continuity_gain,nan,nan,1.0137534988770849,0.01375349887708488
FP1,original,lp,0.0,1.1771062570819217,0.3960772600088891,0.22695525599963906
FP1,fk_filter,lp,0.030223675601612966,1.0872841914024267,0.3960772600088891,0.22695525599963906
FP1,fx_deconv,lp,0.6982282393749859,-0.8979657362487335,0.3960772600088891,0.22695525599963906
FP1,wavelet_threshold,lp,0.41393725317805286,-0.05307830525385684,0.3960772600088891,0.22695525599963906
FP1,ssa_decomposition,lp,0.5902145211206516,-0.5769586084853089,0.3960772600088891,0.22695525599963906
FP1,svd_lowrank,lp,0.3396590827185915,0.16766978619291606,0.3960772600088891,0.22695525599963906
FP1,fusion_g0.4,lp,0.6975334108584075,-0.8959007679280451,0.3960772600088891,0.22695525599963906
FP1,fusion_g0.5,lp,0.6974422017285995,-0.8956297025369203,0.3960772600088891,0.22695525599963906
FP1,fusion_g0.6,lp,0.6973909734426963,-0.895477456644604,0.3960772600088891,0.22695525599963906
FP2,original,lp,0.0,1.1771062570819217,0.3960772600088891,0.22695525599963906
FP2,fk_filter,lp,0.13630400912137355,0.7720229104678816,0.3960772600088891,0.22695525599963906
FP2,fx_deconv,lp,0.40070537763061514,-0.013754352398121943,0.3960772600088891,0.22695525599963906
FP2,wavelet_threshold,lp,0.3914491423871631,0.013754352398121778,0.3960772600088891,0.22695525599963906
FP2,ssa_decomposition,lp,0.8600577462825347,-1.378908583503036,0.3960772600088891,0.22695525599963906
FP2,svd_lowrank,lp,0.511072847005505,-0.3417566183614964,0.3960772600088891,0.22695525599963906
FP2,fusion_g0.4,lp,0.3962861634911685,-0.0006208424995461497,0.3960772600088891,0.22695525599963906
FP2,fusion_g0.5,lp,0.396300490354403,-0.000663420658053154,0.3960772600088891,0.22695525599963906
FP2,fusion_g0.6,lp,0.39639235331837314,-0.0009364291859370759,0.3960772600088891,0.22695525599963906
FP3,original,lp,nan,nan,0.3960772600088891,0.22695525599963906
FP3,fk_filter,lp,nan,nan,0.3960772600088891,0.22695525599963906
FP3,fx_deconv,lp,nan,nan,0.3960772600088891,0.22695525599963906
FP3,wavelet_threshold,lp,nan,nan,0.3960772600088891,0.22695525599963906
FP3,ssa_decomposition,lp,nan,nan,0.3960772600088891,0.22695525599963906
FP3,svd_lowrank,lp,nan,nan,0.3960772600088891,0.22695525599963906
FP3,fusion_g0.4,lp,nan,nan,0.3960772600088891,0.22695525599963906
FP3,fusion_g0.5,lp,nan,nan,0.3960772600088891,0.22695525599963906
FP3,fusion_g0.6,lp,nan,nan,0.3960772600088891,0.22695525599963906
