panel,variant,amp_dev_db_windowed,spectral_residual,continuity_gain,lp,has_event_windows,n_event_windows
FP1,original,0.0,0.0,1.0,0.0,True,1
FP1,fk_filter,9.390994662193286,0.7336169316087899,1.840425789235599,0.030223675601612966,True,1
FP1,fx_deconv,-4.7154892583400985,0.8575888492665079,1.1005800047869851,0.6982282393749859,True,1
FP1,wavelet_threshold,-1.1575768386010408,2.3090526483769816e-05,1.0003475771024593,0.41393725317805286,True,1
FP1,ssa_decomposition,-1.394532445155595,0.018016854250994085,1.0002801041502754,0.5902145211206516,True,1
FP1,svd_lowrank,-4.501174512118325,0.03798248558614505,1.0180670370395855,0.3396590827185915,True,1
FP1,fusion_g0.4,-3.6265634057920604,0.2026949278083238,1.2118705617525498,0.6975334108584075,True,1
FP1,fusion_g0.5,-3.6265632623026685,0.1993930182044284,1.2099134261141862,0.6974422017285995,True,1
FP1,fusion_g0.6,-3.619540411092266,0.1959378185016781,1.2078235259826993,0.6973909734426963,True,1
FP2,original,0.0,0.0,1.0,0.0,True,3
FP2,fk_filter,-0.22633588606243066,0.6513548754188917,1.7447150885612503,0.13630400912137355,True,3
FP2,fx_deconv,-1.4710701772518155,0.4779343528218033,1.9670448512708592,0.40070537763061514,True,3
FP2,wavelet_threshold,-2.350014575953485,0.0006302572056637512,1.0094399607145845,0.3914491423871631,True,3
FP2,ssa_decomposition,-0.8612343923544962,0.005531688127559828,1.103083810051695,0.8600577462825347,True,3
FP2,svd_lowrank,-2.527979953311454,0.01999110938923344,1.0055080729655401,0.511072847005505,True,3
FP2,fusion_g0.4,-2.8952173916716326,0.11757746071399508,1.4884197560777326,0.3962861634911685,True,3
FP2,fusion_g0.5,-2.8987436201769383,0.1160019954678056,1.482960153188369,0.396300490354403,True,3
FP2,fusion_g0.6,-2.906425720313429,0.11435302213607869,1.477126989413059,0.39639235331837314,True,3
FP3,original,,0.0,nan,nan,False,0
FP3,fk_filter,,0.6169144552138193,nan,nan,False,0
FP3,fx_deconv,,0.5633803003632232,nan,nan,False,0
FP3,wavelet_threshold,,0.0009858880974606132,nan,nan,False,0
FP3,ssa_decomposition,,0.00778581953616565,nan,nan,False,0
FP3,svd_lowrank,,0.01885996265846636,nan,nan,False,0
FP3,fusion_g0.4,,0.13979458188850333,nan,nan,False,0
FP3,fusion_g0.5,,0.13803906401579324,nan,nan,False,0
FP3,fusion_g0.6,,0.13619949550953725,nan,nan,False,0
