panel,variant,amp_dev_db,spectral_residual,continuity_gain,lp,n_event_windows
FP1,original,0.0,0.0,1.0,0.0,1
FP1,fk_filter,7.900506842688078,0.7336169316087899,1.840425789235599,0.030223675601612966,1
FP1,fx_deconv,-6.487788645925647,0.8575888492665079,1.1005800047869851,0.6982282393749859,1
FP1,wavelet_threshold,-0.957685774778846,2.3090526483769816e-05,1.0003475771024593,0.41393725317805286,1
FP1,ssa_decomposition,-1.3556038699157495,0.018016854250994085,1.0002801041502754,0.5902145211206516,1
FP1,svd_lowrank,-10.666807893012653,0.03798248558614505,1.0180670370395855,0.3396590827185915,1
FP1,fusion_g0.4,-4.538242326568759,0.2026949278083238,1.2118705617525498,0.6975334108584075,1
FP1,fusion_g0.5,-4.533607757871425,0.1993930182044284,1.2099134261141862,0.6974422017285995,1
FP1,fusion_g0.6,-4.51107019281083,0.1959378185016781,1.2078235259826993,0.6973909734426963,1
FP2,original,0.0,0.0,1.0,0.0,3
FP2,fk_filter,-3.9658977145093326,0.6513548754188917,1.7447150885612503,0.13630400912137355,3
FP2,fx_deconv,-3.329802345507688,0.4779343528218033,1.9670448512708592,0.40070537763061514,3
FP2,wavelet_threshold,-0.8984444311551918,0.0006302572056637512,1.0094399607145845,0.3914491423871631,3
FP2,ssa_decomposition,-0.18308692504727292,0.005531688127559828,1.103083810051695,0.8600577462825347,3
FP2,svd_lowrank,-0.9892757190323178,0.01999110938923344,1.0055080729655401,0.511072847005505,3
FP2,fusion_g0.4,-4.447290748399946,0.11757746071399508,1.4884197560777326,0.3962861634911685,3
FP2,fusion_g0.5,-4.446067545031821,0.1160019954678056,1.482960153188369,0.396300490354403,3
FP2,fusion_g0.6,-4.439910279565672,0.11435302213607869,1.477126989413059,0.39639235331837314,3
FP3,original,0.0,0.0,nan,nan,0
FP3,fk_filter,-2.8740693288473422,0.6169144552138193,nan,nan,0
FP3,fx_deconv,-2.7635664381272047,0.5633803003632232,nan,nan,0
FP3,wavelet_threshold,-1.6682587243058293,0.0009858880974606132,nan,nan,0
FP3,ssa_decomposition,-0.3854628345428491,0.00778581953616565,nan,nan,0
FP3,svd_lowrank,-2.5444181661106984,0.01885996265846636,nan,nan,0
FP3,fusion_g0.4,-3.593610436291663,0.13979458188850333,nan,nan,0
FP3,fusion_g0.5,-3.589864159818709,0.13803906401579324,nan,nan,0
FP3,fusion_g0.6,-3.584205034369673,0.13619949550953725,nan,nan,0
