panel,variant,U_partial,note
FP1,original,-0.09710102464176373,部分值（缺连续性+盲评）
FP1,fk_filter,-15.266297919881946,部分值（缺连续性+盲评）
FP1,fx_deconv,-12.864981972868414,部分值（缺连续性+盲评）
FP1,wavelet_threshold,0.2687215868420361,部分值（缺连续性+盲评）
FP1,ssa_decomposition,0.04449062158735959,部分值（缺连续性+盲评）
FP1,svd_lowrank,0.6953151658940004,部分值（缺连续性+盲评）
FP1,fusion_g0.4,-2.320148081209135,部分值（缺连续性+盲评）
FP1,fusion_g0.5,-2.265245253566212,部分值（缺连续性+盲评）
FP1,fusion_g0.6,-2.2100152543525744,部分值（缺连续性+盲评）
FP2,original,-0.09710102464176373,部分值（缺连续性+盲评）
FP2,fk_filter,-10.855974671224473,部分值（缺连续性+盲评）
FP2,fx_deconv,-7.578626093265003,部分值（缺连续性+盲评）
FP2,wavelet_threshold,0.6358608661623022,部分值（缺连续性+盲评）
FP2,ssa_decomposition,0.08337700579525018,部分值（缺连续性+盲评）
FP2,svd_lowrank,0.37023656212205586,部分值（缺连续性+盲评）
FP2,fusion_g0.4,-1.1362136400725193,部分值（缺连续性+盲评）
FP2,fusion_g0.5,-1.1089018705533307,部分值（缺连续性+盲评）
FP2,fusion_g0.6,-1.079053101531891,部分值（缺连续性+盲评）
FP3,original,,无事件窗 ⇒ 振幅指标 N/A ⇒ 不可算
FP3,fk_filter,,无事件窗 ⇒ 振幅指标 N/A ⇒ 不可算
FP3,fx_deconv,,无事件窗 ⇒ 振幅指标 N/A ⇒ 不可算
FP3,wavelet_threshold,,无事件窗 ⇒ 振幅指标 N/A ⇒ 不可算
FP3,ssa_decomposition,,无事件窗 ⇒ 振幅指标 N/A ⇒ 不可算
FP3,svd_lowrank,,无事件窗 ⇒ 振幅指标 N/A ⇒ 不可算
FP3,fusion_g0.4,,无事件窗 ⇒ 振幅指标 N/A ⇒ 不可算
FP3,fusion_g0.5,,无事件窗 ⇒ 振幅指标 N/A ⇒ 不可算
FP3,fusion_g0.6,,无事件窗 ⇒ 振幅指标 N/A ⇒ 不可算
