metric,method,direction,n,median,median_ci_lo,median_ci_hi,mean,mean_ci_lo,mean_ci_hi
ΔSNR,fk_filter,higher,270,0.9320236912240619,0.8761814776852492,0.9714042301948083,3.9897623571186767,3.3355982262045623,4.671724827161565
ΔSNR,fx_deconv,higher,270,1.9172219367646903e-10,-1.13157458514479e-05,0.015593666718363153,1.2225778123064877,0.8648105640427451,1.5823578032587338
ΔSNR,ssa_decomposition,higher,270,0.2100965323134596,0.039470505978668524,0.5904949502744921,0.6144767546693175,0.3228884029668895,0.8902068057496425
ΔSNR,svd_lowrank,higher,270,0.9482364203177616,0.8739702223444947,2.450874105121949,4.486506798451855,3.5899450054303017,5.483594648565094
ΔSNR,wavelet_threshold,higher,270,0.042217938862860294,0.03876635636175642,0.04327059213907153,0.8174448963808134,0.6855562894704372,0.9519265157074428
Lsig,fk_filter,lower,270,0.009705710657264145,0.007993480416301778,0.011146158889301365,0.02958904334429357,0.023594149412988857,0.03626373334866737
Lsig,fx_deconv,lower,270,0.029151259530089117,0.024350797440552057,0.033454978372789684,0.050299289242063595,0.04286464095945094,0.05814147508032927
Lsig,ssa_decomposition,lower,270,0.04592760688591471,0.04012841687757972,0.05386032396409818,0.08121502683701859,0.06952386919749326,0.09336728529698525
Lsig,svd_lowrank,lower,270,0.011218278746625898,0.008907108915196943,0.014239369653432895,0.049098378682105454,0.04021589675497677,0.05856207489764128
Lsig,wavelet_threshold,lower,270,0.015129152242641893,0.012020210133922524,0.018431762114281488,0.04438551979064914,0.03634153400108201,0.053063581260668846
CNA,fk_filter,higher,180,14.691635258748837,4.029243053739119,26.06185521928752,14.880959286013214,12.88771108123675,16.925970046780723
CNA,fx_deconv,higher,180,0.05713268045012877,0.045123411792886786,0.07899240073858588,0.14069053877627097,0.11144511354836638,0.17372876916469904
CNA,ssa_decomposition,higher,180,2.080397232057236,1.741456051247674,2.344411940439925,2.591223884054605,2.1859510594171896,3.0733941056749052
CNA,svd_lowrank,higher,180,6.774661177181257,3.3282222260140166,7.357167832350983,13.823966666766731,11.093404610976746,16.754872082912783
CNA,wavelet_threshold,higher,180,0.018182970713156308,1.3500584531745998e-14,0.03661906388576598,0.02061968671273589,0.017591358017464986,0.023689057122922602
event_timing_median,fk_filter,lower,270,0.0,0.0,0.0,1.107407407407406,0.9074074074074061,1.3259259259259242
event_timing_median,fx_deconv,lower,270,0.0,0.0,0.0,0.5481481481481479,0.3074074074074072,0.9074074074074072
event_timing_median,ssa_decomposition,lower,270,2.0,1.9999999999999982,2.0,3.1111111111111103,2.551851851851851,3.7296296296296294
event_timing_median,svd_lowrank,lower,270,0.0,0.0,0.0,0.3999999999999996,0.1703703703703702,0.7704629629629614
event_timing_median,wavelet_threshold,lower,270,0.0,0.0,0.0,0.6222222222222218,0.3851851851851847,0.9888888888888885
event_energy_median,fk_filter,lower,270,0.0107993402216736,0.00825010009432784,0.013353285570506496,0.0352542891266444,0.028370113735546664,0.04232710701563863
event_energy_median,fx_deconv,lower,270,0.03899688804869106,0.035546868785458124,0.048829339135661357,0.0730457600958115,0.06316897736780426,0.08283523465711139
event_energy_median,ssa_decomposition,lower,270,0.07140037869018734,0.05549930120003939,0.08163712019795602,0.11575813218247352,0.10108841777694082,0.1309504943356104
event_energy_median,svd_lowrank,lower,270,0.015202110626524459,0.010627082915546107,0.025855133952725838,0.06111224647611001,0.05052789809754259,0.07223252109355552
event_energy_median,wavelet_threshold,lower,270,0.01739211822720346,0.012045008824631019,0.02164982752245051,0.048948322594581956,0.040114853488879054,0.05815093199633977
