gain_definition,metric,n,spearman_rho,gain_values
A_median_own_dsnr,M1,10,0.830303,4.151500;1.943104;2.760040;3.265866;0.058753;0.424013;2.529512;0.509496;1.803830;2.045514
A_median_own_dsnr,M1_signed,10,0.830303,4.151500;1.943104;2.760040;3.265866;0.058753;0.424013;2.529512;0.509496;1.803830;2.045514
A_median_own_dsnr,M2,10,-0.3114,4.151500;1.943104;2.760040;3.265866;0.058753;0.424013;2.529512;0.509496;1.803830;2.045514
A_median_own_dsnr,M3,10,0.624242,4.151500;1.943104;2.760040;3.265866;0.058753;0.424013;2.529512;0.509496;1.803830;2.045514
B_median_vs_best_fixed,M1,10,0.490909,1.085558;0.998530;0.825068;0.488608;-0.741306;-0.604650;-0.201735;-0.558364;-0.157520;-0.029660
B_median_vs_best_fixed,M1_signed,10,0.490909,1.085558;0.998530;0.825068;0.488608;-0.741306;-0.604650;-0.201735;-0.558364;-0.157520;-0.029660
B_median_vs_best_fixed,M2,10,-0.544949,1.085558;0.998530;0.825068;0.488608;-0.741306;-0.604650;-0.201735;-0.558364;-0.157520;-0.029660
B_median_vs_best_fixed,M3,10,0.50303,1.085558;0.998530;0.825068;0.488608;-0.741306;-0.604650;-0.201735;-0.558364;-0.157520;-0.029660
C_median_vs_better_member,M1,10,-0.709091,-1.056918;-0.514463;-0.892347;-1.220634;0.016456;0.080339;-0.957511;0.091859;-0.748248;-0.652176
C_median_vs_better_member,M1_signed,10,-0.709091,-1.056918;-0.514463;-0.892347;-1.220634;0.016456;0.080339;-0.957511;0.091859;-0.748248;-0.652176
C_median_vs_better_member,M2,10,0.04325,-1.056918;-0.514463;-0.892347;-1.220634;0.016456;0.080339;-0.957511;0.091859;-0.748248;-0.652176
C_median_vs_better_member,M3,10,-0.345455,-1.056918;-0.514463;-0.892347;-1.220634;0.016456;0.080339;-0.957511;0.091859;-0.748248;-0.652176
D_median_vs_oracle,M1,10,0.672727,-4.279700;-4.758652;-4.175223;-4.256332;-5.725565;-4.897684;-2.753183;-5.401887;-4.969218;-4.041343
D_median_vs_oracle,M1_signed,10,0.672727,-4.279700;-4.758652;-4.175223;-4.256332;-5.725565;-4.897684;-2.753183;-5.401887;-4.969218;-4.041343
D_median_vs_oracle,M2,10,-0.07785,-4.279700;-4.758652;-4.175223;-4.256332;-5.725565;-4.897684;-2.753183;-5.401887;-4.969218;-4.041343
D_median_vs_oracle,M3,10,0.50303,-4.279700;-4.758652;-4.175223;-4.256332;-5.725565;-4.897684;-2.753183;-5.401887;-4.969218;-4.041343
E_mean_own_dsnr,M1,10,0.793939,2.719800;2.085626;2.313586;3.438449;1.355581;1.556980;2.523412;0.913022;1.816092;1.913435
E_mean_own_dsnr,M1_signed,10,0.793939,2.719800;2.085626;2.313586;3.438449;1.355581;1.556980;2.523412;0.913022;1.816092;1.913435
E_mean_own_dsnr,M2,10,-0.1384,2.719800;2.085626;2.313586;3.438449;1.355581;1.556980;2.523412;0.913022;1.816092;1.913435
E_mean_own_dsnr,M3,10,0.454545,2.719800;2.085626;2.313586;3.438449;1.355581;1.556980;2.523412;0.913022;1.816092;1.913435
