exploratory,pair_i,pair_j,gamma,comparator,n,median_diff_db,ci_lo,ci_hi,p_signflip
True,fk_filter,fx_deconv,0.4,vs_member_i,270,-0.06718474156937448,-0.5356603688885073,0.05740060925326677,0.28927107289271076
True,fk_filter,fx_deconv,0.4,vs_member_j,270,0.6875442700659242,0.24206820200682522,1.291452479746824,9.999000099990002e-05
True,fk_filter,fx_deconv,0.4,vs_best_fixed(svd_lowrank),270,1.0750573740239133,0.5800738424870495,1.6679955451900987,0.0057994200579942
True,fk_filter,fx_deconv,0.4,vs_oracle,270,-4.282982322363679,-5.66309249166575,-3.5174827599482157,9.999000099990002e-05
True,fk_filter,fx_deconv,0.5,vs_member_i,270,-0.06636154204336264,-0.5551974457945459,0.05301554123866392,0.2973702629737026
True,fk_filter,fx_deconv,0.5,vs_member_j,270,0.6891093195065716,0.23637017924181958,1.2914524797468276,9.999000099990002e-05
True,fk_filter,fx_deconv,0.5,vs_best_fixed(svd_lowrank),270,1.08555773853415,0.5841470050917961,1.667995545190129,0.006099390060993901
True,fk_filter,fx_deconv,0.5,vs_oracle,270,-4.279699521285656,-5.665849049402681,-3.5065485777437857,9.999000099990002e-05
True,fk_filter,fx_deconv,0.6,vs_member_i,270,-0.06561320450624197,-0.5555137245988897,0.05698356190424292,0.29727027297270275
True,fk_filter,fx_deconv,0.6,vs_member_j,270,0.6907751794064261,0.28311038658287946,1.2914524797468285,9.999000099990002e-05
True,fk_filter,fx_deconv,0.6,vs_best_fixed(svd_lowrank),270,1.0974072656763685,0.5953768199633586,1.6316906181730424,0.0045995400459954
True,fk_filter,fx_deconv,0.6,vs_oracle,270,-4.276365523468782,-5.660479867423701,-3.5349334770677174,9.999000099990002e-05
True,fk_filter,ssa_decomposition,0.4,vs_member_i,270,0.0008864395416367521,-0.628227015597651,0.4988338448683445,1.0
True,fk_filter,ssa_decomposition,0.4,vs_member_j,270,1.531738939173806,0.9257432648885686,2.1561540619903043,9.999000099990002e-05
True,fk_filter,ssa_decomposition,0.4,vs_best_fixed(svd_lowrank),270,0.8395567011266634,-0.08136652042813443,1.2849070455579383,0.0370962903709629
True,fk_filter,ssa_decomposition,0.4,vs_oracle,270,-4.174194007561002,-5.447528619663766,-3.7064454883770868,9.999000099990002e-05
True,fk_filter,ssa_decomposition,0.5,vs_member_i,270,-0.01188063295091979,-0.6267102598362255,0.4988338448683485,0.9431056894310569
True,fk_filter,ssa_decomposition,0.5,vs_member_j,270,1.5247118725168294,0.9218574510167447,2.1538089874339397,9.999000099990002e-05
True,fk_filter,ssa_decomposition,0.5,vs_best_fixed(svd_lowrank),270,0.8250683450675886,-0.08477325485317722,1.309552892123117,0.0395960403959604
True,fk_filter,ssa_decomposition,0.5,vs_oracle,270,-4.17522253772412,-5.468322516467112,-3.7013200042910785,9.999000099990002e-05
True,fk_filter,ssa_decomposition,0.6,vs_member_i,270,-0.027113932332479607,-0.6251964471681104,0.5066468097472163,0.9045095490450955
True,fk_filter,ssa_decomposition,0.6,vs_member_j,270,1.518431048792665,0.9233737788472576,2.1264081593833613,9.999000099990002e-05
True,fk_filter,ssa_decomposition,0.6,vs_best_fixed(svd_lowrank),270,0.8098350456860266,-0.0847732548531751,1.2666251729431988,0.0344965503449655
True,fk_filter,ssa_decomposition,0.6,vs_oracle,270,-4.176308664979309,-5.50759663856581,-3.7072415898879765,9.999000099990002e-05
True,fk_filter,svd_lowrank,0.4,vs_member_i,270,0.3429646232237931,0.11837547365827078,0.47219130001444354,0.007699230076992301
True,fk_filter,svd_lowrank,0.4,vs_member_j,270,0.4886083707175932,0.1662300146392863,0.5805045955756175,0.026297370262973702
True,fk_filter,svd_lowrank,0.4,vs_best_fixed(svd_lowrank),270,0.4886083707175932,0.14982051621716863,0.5799870033995013,0.024197580241975804
True,fk_filter,svd_lowrank,0.4,vs_oracle,270,-4.248927879447205,-4.923996475754128,-3.511294644737161,9.999000099990002e-05
True,fk_filter,svd_lowrank,0.5,vs_member_i,270,0.3423423428421724,0.11684754168317524,0.472255783780521,0.007699230076992301
True,fk_filter,svd_lowrank,0.5,vs_member_j,270,0.48860837071760743,0.1656899179542892,0.5800221496545153,0.0221977802219778
True,fk_filter,svd_lowrank,0.5,vs_best_fixed(svd_lowrank),270,0.48860837071760743,0.14982051621718284,0.585784649221452,0.025797420257974202
True,fk_filter,svd_lowrank,0.5,vs_oracle,270,-4.256331701004903,-4.924091734563861,-3.500725487232237,9.999000099990002e-05
True,fk_filter,svd_lowrank,0.6,vs_member_i,270,0.3416611419842935,0.1160694136356869,0.47230993906226937,0.008399160083991601
True,fk_filter,svd_lowrank,0.6,vs_member_j,270,0.4886083707176212,0.16510462839607457,0.5794867769298564,0.0207979202079792
True,fk_filter,svd_lowrank,0.6,vs_best_fixed(svd_lowrank),270,0.4886083707176212,0.16510462839607457,0.5795174319125036,0.0225977402259774
True,fk_filter,svd_lowrank,0.6,vs_oracle,270,-4.264013574423175,-4.924198732493095,-3.4971368083050223,9.999000099990002e-05
True,fk_filter,wavelet_threshold,0.4,vs_member_i,270,0.05519563187064147,-0.07108766298700475,0.22649135402757192,0.37076292370762925
True,fk_filter,wavelet_threshold,0.4,vs_member_j,270,-0.027514076311321745,-0.11129451125688883,0.027553871221829777,0.3164683531646835
True,fk_filter,wavelet_threshold,0.4,vs_best_fixed(svd_lowrank),270,0.9971067914675573,-0.41160515678099174,1.1454530400554295,0.1655834416558344
True,fk_filter,wavelet_threshold,0.4,vs_oracle,270,-4.761491588412946,-5.0807333983497465,-4.410130811279993,9.999000099990002e-05
True,fk_filter,wavelet_threshold,0.5,vs_member_i,270,0.055151501268659864,-0.06828279031076079,0.2264913540275746,0.37436256374362564
True,fk_filter,wavelet_threshold,0.5,vs_member_j,270,-0.028073150136926905,-0.10892700423704937,0.027527937832342753,0.27747225277472254
True,fk_filter,wavelet_threshold,0.5,vs_best_fixed(svd_lowrank),270,0.998529887686602,-0.409745991871598,1.1438427326034875,0.1695830416958304
True,fk_filter,wavelet_threshold,0.5,vs_oracle,270,-4.758652045793212,-5.075732682145436,-4.419629235282914,9.999000099990002e-05
True,fk_filter,wavelet_threshold,0.6,vs_member_i,270,0.055106146512839516,-0.12773330651181602,0.22649135402757814,0.37916208379162086
True,fk_filter,wavelet_threshold,0.6,vs_member_j,270,-0.02864397601340052,-0.11129451125688883,0.027502118061481395,0.24487551244875513
True,fk_filter,wavelet_threshold,0.6,vs_best_fixed(svd_lowrank),270,0.9999737634026924,-0.4078625377343744,1.1438427326034972,0.16298370162983702
True,fk_filter,wavelet_threshold,0.6,vs_oracle,270,-4.755771879738708,-5.075204274099723,-4.404344453709719,9.999000099990002e-05
True,fx_deconv,ssa_decomposition,0.4,vs_member_i,270,0.4444718297968797,0.26269750132028175,0.5724406478459079,9.999000099990002e-05
True,fx_deconv,ssa_decomposition,0.4,vs_member_j,270,0.8291883178677626,0.30251202438371416,1.2945868227478892,9.999000099990002e-05
True,fx_deconv,ssa_decomposition,0.4,vs_best_fixed(svd_lowrank),270,-0.6057038160886892,-0.9831629373648769,-0.30407379466448103,9.999000099990002e-05
True,fx_deconv,ssa_decomposition,0.4,vs_oracle,270,-4.904921223440993,-7.505044618565776,-3.9262016722477817,9.999000099990002e-05
True,fx_deconv,ssa_decomposition,0.5,vs_member_i,270,0.44243205704240474,0.25917180758678404,0.564617358636716,9.999000099990002e-05
True,fx_deconv,ssa_decomposition,0.5,vs_member_j,270,0.8378676368459006,0.297162160398362,1.3625176708281919,9.999000099990002e-05
True,fx_deconv,ssa_decomposition,0.5,vs_best_fixed(svd_lowrank),270,-0.604649797659957,-0.9863527754111807,-0.3040737946644774,9.999000099990002e-05
True,fx_deconv,ssa_decomposition,0.5,vs_oracle,270,-4.897684108920974,-7.502431070840903,-3.9326677024086525,9.999000099990002e-05
True,fx_deconv,ssa_decomposition,0.6,vs_member_i,270,0.4437327138237279,0.2607647421622824,0.5632062260663702,9.999000099990002e-05
True,fx_deconv,ssa_decomposition,0.6,vs_member_j,270,0.8485420093170868,0.2923142009049805,1.3622119403166961,9.999000099990002e-05
True,fx_deconv,ssa_decomposition,0.6,vs_best_fixed(svd_lowrank),270,-0.6040938210432638,-0.9759185130805723,-0.30407379466447426,9.999000099990002e-05
True,fx_deconv,ssa_decomposition,0.6,vs_oracle,270,-4.890237997870914,-7.534172521239393,-3.9168706925526875,9.999000099990002e-05
True,fx_deconv,svd_lowrank,0.4,vs_member_i,270,0.8802456300250276,0.6738713189068108,1.3040480314817806,9.999000099990002e-05
True,fx_deconv,svd_lowrank,0.4,vs_member_j,270,-0.20124027043887693,-0.4321030642296271,-0.1127886707739497,0.0005999400059994001
True,fx_deconv,svd_lowrank,0.4,vs_best_fixed(svd_lowrank),270,-0.20124027043887693,-0.4356254329432723,-0.11031851325732334,0.0007999200079992001
True,fx_deconv,svd_lowrank,0.4,vs_oracle,270,-2.7468511816463437,-5.534923540007078,-2.2328073073439505,9.999000099990002e-05
True,fx_deconv,svd_lowrank,0.5,vs_member_i,270,0.8819689066733898,0.6732346499368904,1.310862706527817,9.999000099990002e-05
True,fx_deconv,svd_lowrank,0.5,vs_member_j,270,-0.20173502953526334,-0.42858069551597566,-0.11320071337970972,0.0008999100089991
True,fx_deconv,svd_lowrank,0.5,vs_best_fixed(svd_lowrank),270,-0.20173502953526334,-0.4321030642296213,-0.11500779990634735,0.0004999500049995
True,fx_deconv,svd_lowrank,0.5,vs_oracle,270,-2.753183418663567,-5.52867898448923,-2.1978593502050954,9.999000099990002e-05
True,fx_deconv,svd_lowrank,0.6,vs_member_i,270,0.8834354126897099,0.6730664564951514,1.3032367484260803,9.999000099990002e-05
True,fx_deconv,svd_lowrank,0.6,vs_member_j,270,-0.20224284503982926,-0.42858069551596945,-0.1159243579527871,0.0006999300069993001
True,fx_deconv,svd_lowrank,0.6,vs_best_fixed(svd_lowrank),270,-0.20224284503982926,-0.42858069551596945,-0.1111442154953659,0.00039996000399960006
True,fx_deconv,svd_lowrank,0.6,vs_oracle,270,-2.792636912755296,-5.522101716805967,-2.16608014026982,9.999000099990002e-05
True,fx_deconv,wavelet_threshold,0.4,vs_member_i,270,0.05429883572183009,0.04524499570719957,0.1610089572095177,9.999000099990002e-05
True,fx_deconv,wavelet_threshold,0.4,vs_member_j,270,0.02640466031379705,0.017689377829998437,0.027665442417002417,9.999000099990002e-05
True,fx_deconv,wavelet_threshold,0.4,vs_best_fixed(svd_lowrank),270,-0.7419591514221384,-1.036701103331573,-0.5718425337419155,0.00019998000199980003
True,fx_deconv,wavelet_threshold,0.4,vs_oracle,270,-5.727916955998236,-7.634439710495804,-3.7292677099816114,9.999000099990002e-05
True,fx_deconv,wavelet_threshold,0.5,vs_member_i,270,0.05425747303881005,0.045072784979420355,0.16120295470333756,9.999000099990002e-05
True,fx_deconv,wavelet_threshold,0.5,vs_member_j,270,0.026369520962519506,0.017689377829998437,0.027665430132424618,9.999000099990002e-05
True,fx_deconv,wavelet_threshold,0.5,vs_best_fixed(svd_lowrank),270,-0.7413064778702614,-1.0361094419640815,-0.5698370745672283,9.999000099990002e-05
True,fx_deconv,wavelet_threshold,0.5,vs_oracle,270,-5.7255652009150335,-7.632647047673895,-3.7292413995160656,9.999000099990002e-05
True,fx_deconv,wavelet_threshold,0.6,vs_member_i,270,0.05421524575052498,0.04511607360966112,0.16115728974683105,9.999000099990002e-05
True,fx_deconv,wavelet_threshold,0.6,vs_member_j,270,0.026333671982482525,0.017689377829998437,0.027665442417002417,0.00019998000199980003
True,fx_deconv,wavelet_threshold,0.6,vs_best_fixed(svd_lowrank),270,-0.7406312701147639,-1.0630455539755,-0.5666022218195033,0.00019998000199980003
True,fx_deconv,wavelet_threshold,0.6,vs_oracle,270,-5.72309859948433,-7.630770347049293,-3.6717934888793353,9.999000099990002e-05
True,ssa_decomposition,svd_lowrank,0.4,vs_member_i,270,0.899600978715311,0.7167629696247584,1.3360622394496735,9.999000099990002e-05
True,ssa_decomposition,svd_lowrank,0.4,vs_member_j,270,-0.02875320667239173,-0.10206158446986224,0.0210479402836225,0.2853714628537146
True,ssa_decomposition,svd_lowrank,0.4,vs_best_fixed(svd_lowrank),270,-0.02875320667239173,-0.10206158446986224,0.021546593498153438,0.27677232276772323
True,ssa_decomposition,svd_lowrank,0.4,vs_oracle,270,-4.04167909258309,-5.724339182646455,-3.760692735943983,9.999000099990002e-05
True,ssa_decomposition,svd_lowrank,0.5,vs_member_i,270,0.8984596899632482,0.7211145483104464,1.3726261663140136,9.999000099990002e-05
True,ssa_decomposition,svd_lowrank,0.5,vs_member_j,270,-0.02966042023292978,-0.10614412044290544,0.020864162946211517,0.27487251274872515
True,ssa_decomposition,svd_lowrank,0.5,vs_best_fixed(svd_lowrank),270,-0.02966042023292978,-0.10614412044290544,0.020864162946211517,0.27277272272772723
True,ssa_decomposition,svd_lowrank,0.5,vs_oracle,270,-4.041342680099331,-5.724265620702155,-3.7670538620683036,9.999000099990002e-05
True,ssa_decomposition,svd_lowrank,0.6,vs_member_i,270,0.8972864641328973,0.7188104844971788,1.3351951945605665,9.999000099990002e-05
True,ssa_decomposition,svd_lowrank,0.6,vs_member_j,270,-0.031234503753140602,-0.10749830656989845,0.020664429802865897,0.27287271272872715
True,ssa_decomposition,svd_lowrank,0.6,vs_best_fixed(svd_lowrank),270,-0.031234503753140602,-0.10749830656989845,0.020664429802865897,0.26977302269773024
True,ssa_decomposition,svd_lowrank,0.6,vs_oracle,270,-4.058263185925701,-5.724201082326221,-3.765562776746858,9.999000099990002e-05
True,wavelet_threshold,ssa_decomposition,0.4,vs_member_i,270,0.3010053583262322,0.16577870705111927,0.4782835939652852,9.999000099990002e-05
True,wavelet_threshold,ssa_decomposition,0.4,vs_member_j,270,0.2514519712403933,0.19157062377925338,0.3904830685027987,9.999000099990002e-05
True,wavelet_threshold,ssa_decomposition,0.4,vs_best_fixed(svd_lowrank),270,-0.5592121618962236,-0.9471589569335936,-0.45205172189960496,9.999000099990002e-05
True,wavelet_threshold,ssa_decomposition,0.4,vs_oracle,270,-5.401887120363122,-7.367385730233089,-3.6815456358924568,9.999000099990002e-05
True,wavelet_threshold,ssa_decomposition,0.5,vs_member_i,270,0.3007129318313506,0.16607425913135287,0.47523036465032975,9.999000099990002e-05
True,wavelet_threshold,ssa_decomposition,0.5,vs_member_j,270,0.25123339897043007,0.192002125160325,0.3922410803449159,9.999000099990002e-05
True,wavelet_threshold,ssa_decomposition,0.5,vs_best_fixed(svd_lowrank),270,-0.5583638118628373,-0.9470987114931853,-0.44872632720403516,9.999000099990002e-05
True,wavelet_threshold,ssa_decomposition,0.5,vs_oracle,270,-5.4018871203631145,-7.383055536452803,-3.681545635892455,9.999000099990002e-05
True,wavelet_threshold,ssa_decomposition,0.6,vs_member_i,270,0.30041262420227355,0.16654220458404723,0.4793388664968887,9.999000099990002e-05
True,wavelet_threshold,ssa_decomposition,0.6,vs_member_j,270,0.2510115693782362,0.19244560549471768,0.39406210089940075,9.999000099990002e-05
True,wavelet_threshold,ssa_decomposition,0.6,vs_best_fixed(svd_lowrank),270,-0.5580769628029598,-0.9470375050317723,-0.44697345681792733,0.00019998000199980003
True,wavelet_threshold,ssa_decomposition,0.6,vs_oracle,270,-5.401887120363106,-7.369688061828338,-3.6815456358924523,9.999000099990002e-05
True,wavelet_threshold,svd_lowrank,0.4,vs_member_i,270,0.6154025742328875,0.43754993215112326,0.87666894750005,9.999000099990002e-05
True,wavelet_threshold,svd_lowrank,0.4,vs_member_j,270,-0.15781371989435566,-0.25135578234099354,-0.07162449734960996,9.999000099990002e-05
True,wavelet_threshold,svd_lowrank,0.4,vs_best_fixed(svd_lowrank),270,-0.15781371989435566,-0.2505685884238511,-0.07162449734960996,9.999000099990002e-05
True,wavelet_threshold,svd_lowrank,0.4,vs_oracle,270,-4.969849374304843,-5.7249492180456665,-4.305274129524892,9.999000099990002e-05
True,wavelet_threshold,svd_lowrank,0.5,vs_member_i,270,0.6155304869325042,0.43708676276714725,0.876668947500054,9.999000099990002e-05
True,wavelet_threshold,svd_lowrank,0.5,vs_member_j,270,-0.15751956279986867,-0.25135578234098954,-0.07146621197928499,9.999000099990002e-05
True,wavelet_threshold,svd_lowrank,0.5,vs_best_fixed(svd_lowrank),270,-0.15751956279986867,-0.25135578234098954,-0.07146621197928499,9.999000099990002e-05
True,wavelet_threshold,svd_lowrank,0.5,vs_oracle,270,-4.969217529756148,-5.724880278369665,-4.296798998248534,9.999000099990002e-05
True,wavelet_threshold,svd_lowrank,0.6,vs_member_i,270,0.6156616607178949,0.43715209483271295,0.8942131755345515,9.999000099990002e-05
True,wavelet_threshold,svd_lowrank,0.6,vs_member_j,270,-0.15721783501795583,-0.25135578234098555,-0.07178278271992888,9.999000099990002e-05
True,wavelet_threshold,svd_lowrank,0.6,vs_best_fixed(svd_lowrank),270,-0.15721783501795583,-0.25135578234098555,-0.07162449734960608,9.999000099990002e-05
True,wavelet_threshold,svd_lowrank,0.6,vs_oracle,270,-4.96857739000733,-5.724808664050073,-4.298886438787523,9.999000099990002e-05
