role,gamma,metric,column,direction,stratum,stratum_key,comparator,n,median_diff,ci_lo,ci_hi,p_raw,p_holm
primary,0.4,ΔSNR,delta_snr_db,higher,global,global,vs_method_i,54,0.16582331933489583,0.04686942861869051,0.3276976189602361,0.00029997000299970003,0.0005999400059994001
primary,0.4,ΔSNR,delta_snr_db,higher,global,global,vs_method_j,54,0.026714059330803612,0.01720525702098996,0.14292949435581614,0.0013998600139986002,0.0013998600139986002
primary,0.4,ΔSNR,delta_snr_db,higher,global,global,vs_best_single,54,-4.1587731203455,-7.802880292301103,-1.6309081970710237,9.999000099990002e-05,0.00029997000299970003
primary,0.4,ΔSNR,delta_snr_db,higher,model,M1,vs_method_i,27,0.027696523732918976,0.016455744244833426,0.043068103107192,0.24937506249375063,0.24937506249375063
primary,0.4,ΔSNR,delta_snr_db,higher,model,M1,vs_method_j,27,0.027664963254631303,0.0191119022442372,3.3817893448143472,9.999000099990002e-05,0.00029997000299970003
primary,0.4,ΔSNR,delta_snr_db,higher,model,M1,vs_best_single,27,-7.44244441762646,-12.562973913352506,-0.961983354473178,9.999000099990002e-05,0.00029997000299970003
primary,0.4,ΔSNR,delta_snr_db,higher,model,M2,vs_method_i,27,0.6193268040585256,0.3573886304808864,1.0946493582963743,9.999000099990002e-05,0.00029997000299970003
primary,0.4,ΔSNR,delta_snr_db,higher,model,M2,vs_method_j,27,-0.022600293701939833,-0.2373982509995365,0.7168682261127586,0.1840815918408159,0.1840815918408159
primary,0.4,ΔSNR,delta_snr_db,higher,model,M2,vs_best_single,27,-3.1787317285159737,-6.429392874802663,-0.8366025915389561,0.00029997000299970003,0.0005999400059994001
primary,0.4,ΔSNR,delta_snr_db,higher,noise,N1,vs_method_i,18,0.22546067028708716,-0.24915299019791437,1.029218924121385,0.08789121087891211,0.17578242175782421
primary,0.4,ΔSNR,delta_snr_db,higher,noise,N1,vs_method_j,18,3.3827764005263177,2.803704682829779,3.5576054306810327,9.999000099990002e-05,0.00029997000299970003
primary,0.4,ΔSNR,delta_snr_db,higher,noise,N1,vs_best_single,18,-0.10408018840338684,-0.46594377159883393,0.37666790891076296,0.8839116088391161,0.8839116088391161
primary,0.4,ΔSNR,delta_snr_db,higher,noise,N2,vs_method_i,18,0.11849285102497031,0.017223836170598972,0.6052270854214519,9.999000099990002e-05,0.00029997000299970003
primary,0.4,ΔSNR,delta_snr_db,higher,noise,N2,vs_method_j,18,-0.04037381700245968,-0.32038130479891436,0.01720525702098996,0.007099290070992901,0.007099290070992901
primary,0.4,ΔSNR,delta_snr_db,higher,noise,N2,vs_best_single,18,-4.1587731203455,-7.430053207854883,-3.1020265912423044,9.999000099990002e-05,0.00029997000299970003
primary,0.4,ΔSNR,delta_snr_db,higher,noise,N3,vs_method_i,18,0.16582331933489583,0.05076696737889019,0.3600255306760607,9.999000099990002e-05,0.00029997000299970003
primary,0.4,ΔSNR,delta_snr_db,higher,noise,N3,vs_method_j,18,0.018964489363181958,-0.02197782940562787,0.026822981472405694,0.5053494650534947,0.5053494650534947
primary,0.4,ΔSNR,delta_snr_db,higher,noise,N3,vs_best_single,18,-12.386191652937345,-13.641909790334681,-10.332605010981853,9.999000099990002e-05,0.00029997000299970003
primary,0.4,ΔSNR,delta_snr_db,higher,gamma,0.4,vs_method_i,54,0.16582331933489583,0.04686942861869051,0.3276976189602361,0.00029997000299970003,0.0005999400059994001
primary,0.4,ΔSNR,delta_snr_db,higher,gamma,0.4,vs_method_j,54,0.026714059330803612,0.01720525702098996,0.14292949435581614,0.0004999500049995,0.0005999400059994001
primary,0.4,ΔSNR,delta_snr_db,higher,gamma,0.4,vs_best_single,54,-4.1587731203455,-7.802880292301103,-1.8872962770697588,9.999000099990002e-05,0.00029997000299970003
primary,0.4,Lsig,lsig,lower,global,global,vs_method_i,54,-0.002707433826375524,-0.010419566286155982,-0.00018199920878655268,9.999000099990002e-05,0.00029997000299970003
primary,0.4,Lsig,lsig,lower,global,global,vs_method_j,54,0.00043131979200658477,8.208082123356279e-06,0.00470599473434417,0.30986901309869014,0.30986901309869014
primary,0.4,Lsig,lsig,lower,global,global,vs_best_single,54,0.006256175613730737,0.003548519953993825,0.014129935038886194,0.0007999200079992001,0.0015998400159984002
primary,0.4,Lsig,lsig,lower,model,M1,vs_method_i,27,-3.815719832504036e-09,-0.0001647226166678617,-4.694669999971701e-12,0.20737926207379262,0.20737926207379262
primary,0.4,Lsig,lsig,lower,model,M1,vs_method_j,27,3.117681866388244e-10,-0.007732518713601756,1.641468895442061e-05,0.004299570042995701,0.008599140085991401
primary,0.4,Lsig,lsig,lower,model,M1,vs_best_single,27,0.006371895234718081,-5.91832923517946e-09,0.017557430794169666,0.00019998000199980003,0.0005999400059994001
primary,0.4,Lsig,lsig,lower,model,M2,vs_method_i,27,-0.014524640845842027,-0.016254219361232267,-0.013194946921920891,9.999000099990002e-05,0.00029997000299970003
primary,0.4,Lsig,lsig,lower,model,M2,vs_method_j,27,0.005916170959562022,0.004893450082925894,0.00988370142981363,9.999000099990002e-05,0.00029997000299970003
primary,0.4,Lsig,lsig,lower,model,M2,vs_best_single,27,0.006239315441594735,0.0037418099702363917,0.01575629825231725,0.23457654234576542,0.23457654234576542
primary,0.4,Lsig,lsig,lower,noise,N1,vs_method_i,18,-0.003717092298536768,-0.019053612878666706,0.0006653547618978672,0.013298670132986702,0.039896010398960104
primary,0.4,Lsig,lsig,lower,noise,N1,vs_method_j,18,-0.00781387191307984,-0.029839919957615025,0.00587261756757819,0.030496950304969503,0.060993900609939006
primary,0.4,Lsig,lsig,lower,noise,N1,vs_best_single,18,-2.8756194977815584e-05,-0.00882042871864614,0.004536298342074283,0.1267873212678732,0.1267873212678732
primary,0.4,Lsig,lsig,lower,noise,N2,vs_method_i,18,-0.0014989096665783978,-0.013705127619443007,-1.2587288637322205e-09,0.00019998000199980003,0.0005999400059994001
primary,0.4,Lsig,lsig,lower,noise,N2,vs_method_j,18,0.0023209599083015343,3.813821362461286e-10,0.005781498153543019,0.00019998000199980003,0.0005999400059994001
primary,0.4,Lsig,lsig,lower,noise,N2,vs_best_single,18,0.0038350415627532086,-1.2026714698290352e-08,0.009845713028611609,0.0005999400059994001,0.0005999400059994001
primary,0.4,Lsig,lsig,lower,noise,N3,vs_method_i,18,-0.0035433718483083056,-0.013438741147547641,-0.00019026335111023418,9.999000099990002e-05,0.00029997000299970003
primary,0.4,Lsig,lsig,lower,noise,N3,vs_method_j,18,0.002382607109695742,0.00016449892042280645,0.00521962118550706,9.999000099990002e-05,0.00029997000299970003
primary,0.4,Lsig,lsig,lower,noise,N3,vs_best_single,18,0.040181775945847084,0.019337872690509267,0.09007978977471282,9.999000099990002e-05,0.00029997000299970003
primary,0.4,Lsig,lsig,lower,gamma,0.4,vs_method_i,54,-0.002707433826375524,-0.010419566286155982,-0.00018199920878655268,9.999000099990002e-05,0.00029997000299970003
primary,0.4,Lsig,lsig,lower,gamma,0.4,vs_method_j,54,0.00043131979200658477,8.208082123356279e-06,0.00470599473434417,0.3077692230776922,0.3077692230776922
primary,0.4,Lsig,lsig,lower,gamma,0.4,vs_best_single,54,0.006256175613730737,0.003548519953993825,0.014129935038886194,0.0008999100089991,0.0017998200179982
primary,0.4,CNA,cna_db,higher,global,global,vs_method_i,36,0.03363979031071779,0.01083348068873323,0.047807445462663176,0.014498550144985502,0.014498550144985502
primary,0.4,CNA,cna_db,higher,global,global,vs_method_j,36,0.0880180444470261,0.05762403226398242,0.12417016623616299,9.999000099990002e-05,0.00029997000299970003
primary,0.4,CNA,cna_db,higher,global,global,vs_best_single,36,-28.29643157852812,-28.978082099773356,-11.91241593441185,9.999000099990002e-05,0.00029997000299970003
primary,0.4,CNA,cna_db,higher,model,M1,vs_method_i,18,0.05007041187982007,0.03437315927713985,0.061075041844987826,9.999000099990002e-05,0.00029997000299970003
primary,0.4,CNA,cna_db,higher,model,M1,vs_method_j,18,0.051787410737416925,0.03441594347604755,0.06514741026675469,9.999000099990002e-05,0.00029997000299970003
primary,0.4,CNA,cna_db,higher,model,M1,vs_best_single,18,-29.10774388745758,-29.305133659358123,-14.975041105027447,9.999000099990002e-05,0.00029997000299970003
primary,0.4,CNA,cna_db,higher,model,M2,vs_method_i,18,-0.010186778517883271,-0.03737899909571456,0.01789340079418588,0.9193080691930807,0.9193080691930807
primary,0.4,CNA,cna_db,higher,model,M2,vs_method_j,18,0.12752395259070362,0.0949672555696516,0.16643279990481163,9.999000099990002e-05,0.00029997000299970003
primary,0.4,CNA,cna_db,higher,model,M2,vs_best_single,18,-17.181887249056164,-28.482346256202675,-4.7759858247542555,9.999000099990002e-05,0.00029997000299970003
primary,0.4,CNA,cna_db,higher,noise,N1,vs_method_i,0,,,,,
primary,0.4,CNA,cna_db,higher,noise,N1,vs_method_j,0,,,,,
primary,0.4,CNA,cna_db,higher,noise,N1,vs_best_single,0,,,,,
primary,0.4,CNA,cna_db,higher,noise,N2,vs_method_i,18,0.03291148853582533,-0.02059301256205967,0.03437315927713985,0.7978202179782021,0.7978202179782021
primary,0.4,CNA,cna_db,higher,noise,N2,vs_method_j,18,0.05647166365855741,0.03441594347604755,0.0949672555696516,9.999000099990002e-05,0.00029997000299970003
primary,0.4,CNA,cna_db,higher,noise,N2,vs_best_single,18,-7.634355887512289,-14.835439089158463,-4.711446989594085,9.999000099990002e-05,0.00029997000299970003
primary,0.4,CNA,cna_db,higher,noise,N3,vs_method_i,18,0.044609384725985926,0.010028076625293952,0.1209207355215064,0.0093990600939906,0.0093990600939906
primary,0.4,CNA,cna_db,higher,noise,N3,vs_method_j,18,0.12417016623616299,0.06530256799055871,0.2927672239399475,9.999000099990002e-05,0.00029997000299970003
primary,0.4,CNA,cna_db,higher,noise,N3,vs_best_single,18,-28.99724037056111,-29.25361601514895,-28.73201837933899,9.999000099990002e-05,0.00029997000299970003
primary,0.4,CNA,cna_db,higher,gamma,0.4,vs_method_i,36,0.03363979031071779,0.01083348068873323,0.047807445462663176,0.013998600139986002,0.013998600139986002
primary,0.4,CNA,cna_db,higher,gamma,0.4,vs_method_j,36,0.0880180444470261,0.05762403226398242,0.11839397639177518,9.999000099990002e-05,0.00029997000299970003
primary,0.4,CNA,cna_db,higher,gamma,0.4,vs_best_single,36,-28.29643157852812,-28.978082099773356,-11.859579360481565,9.999000099990002e-05,0.00029997000299970003
primary,0.4,event_timing_median,event_timing_median_ms,lower,global,global,vs_method_i,54,0.0,0.0,0.0,0.7465253474652535,1.0
primary,0.4,event_timing_median,event_timing_median_ms,lower,global,global,vs_method_j,54,0.0,0.0,0.0,1.0,1.0
primary,0.4,event_timing_median,event_timing_median_ms,lower,global,global,vs_best_single,54,0.0,0.0,0.0,0.3174682531746825,0.9524047595240476
primary,0.4,event_timing_median,event_timing_median_ms,lower,model,M1,vs_method_i,27,0.0,0.0,0.0,0.7477252274772522,1.0
primary,0.4,event_timing_median,event_timing_median_ms,lower,model,M1,vs_method_j,27,0.0,0.0,0.0,1.0,1.0
primary,0.4,event_timing_median,event_timing_median_ms,lower,model,M1,vs_best_single,27,0.0,0.0,0.0,0.7553244675532447,1.0
primary,0.4,event_timing_median,event_timing_median_ms,lower,model,M2,vs_method_i,27,0.0,0.0,0.0,1.0,1.0
primary,0.4,event_timing_median,event_timing_median_ms,lower,model,M2,vs_method_j,27,0.0,0.0,0.0,1.0,1.0
primary,0.4,event_timing_median,event_timing_median_ms,lower,model,M2,vs_best_single,27,0.0,0.0,0.0,0.621037896210379,1.0
primary,0.4,event_timing_median,event_timing_median_ms,lower,noise,N1,vs_method_i,18,0.0,0.0,0.0,0.7416258374162584,1.0
primary,0.4,event_timing_median,event_timing_median_ms,lower,noise,N1,vs_method_j,18,0.0,0.0,0.0,1.0,1.0
primary,0.4,event_timing_median,event_timing_median_ms,lower,noise,N1,vs_best_single,18,0.0,0.0,0.0,0.7556244375562444,1.0
primary,0.4,event_timing_median,event_timing_median_ms,lower,noise,N2,vs_method_i,18,0.0,0.0,0.0,1.0,1.0
primary,0.4,event_timing_median,event_timing_median_ms,lower,noise,N2,vs_method_j,18,0.0,0.0,0.0,1.0,1.0
primary,0.4,event_timing_median,event_timing_median_ms,lower,noise,N2,vs_best_single,18,0.0,0.0,0.0,1.0,1.0
primary,0.4,event_timing_median,event_timing_median_ms,lower,noise,N3,vs_method_i,18,0.0,0.0,0.0,1.0,1.0
primary,0.4,event_timing_median,event_timing_median_ms,lower,noise,N3,vs_method_j,18,0.0,0.0,0.0,1.0,1.0
primary,0.4,event_timing_median,event_timing_median_ms,lower,noise,N3,vs_best_single,18,0.0,0.0,0.0,0.25617438256174385,0.7685231476852316
primary,0.4,event_timing_median,event_timing_median_ms,lower,gamma,0.4,vs_method_i,54,0.0,0.0,0.0,0.7425257474252575,1.0
primary,0.4,event_timing_median,event_timing_median_ms,lower,gamma,0.4,vs_method_j,54,0.0,0.0,0.0,1.0,1.0
primary,0.4,event_timing_median,event_timing_median_ms,lower,gamma,0.4,vs_best_single,54,0.0,0.0,0.0,0.3127687231276872,0.9383061693830617
primary,0.4,event_energy_median,event_energy_median,lower,global,global,vs_method_i,54,-0.0009360749985640564,-0.009647670354921105,-9.735888112247814e-07,9.999000099990002e-05,0.00029997000299970003
primary,0.4,event_energy_median,event_energy_median,lower,global,global,vs_method_j,54,0.0008991934880926526,9.36026512028903e-07,0.017265928794748545,0.0524947505249475,0.07219278072192781
primary,0.4,event_energy_median,event_energy_median,lower,global,global,vs_best_single,54,0.012244591641675632,9.165621400121752e-07,0.025238262443049258,0.036096390360963904,0.07219278072192781
primary,0.4,event_energy_median,event_energy_median,lower,model,M1,vs_method_i,27,-0.0002557059357972333,-0.0011222253866281784,-6.756204103620121e-07,0.007499250074992501,0.022497750224977502
primary,0.4,event_energy_median,event_energy_median,lower,model,M1,vs_method_j,27,8.852682074986953e-07,-2.2350940542814612e-12,0.0003744476360665258,0.37776222377762225,0.37776222377762225
primary,0.4,event_energy_median,event_energy_median,lower,model,M1,vs_best_single,27,9.458284410895265e-07,2.7519626412161596e-07,0.017461046311580134,0.0714928507149285,0.142985701429857
primary,0.4,event_energy_median,event_energy_median,lower,model,M2,vs_method_i,27,-0.00979681587967626,-0.013954138424102494,0.00026851293040037333,0.0015998400159984002,0.004199580041995801
primary,0.4,event_energy_median,event_energy_median,lower,model,M2,vs_method_j,27,0.03361159370254743,0.014635277298089333,0.03938904141145168,0.0013998600139986002,0.004199580041995801
primary,0.4,event_energy_median,event_energy_median,lower,model,M2,vs_best_single,27,0.024609789695334425,0.006996817764674267,0.034221991446336225,0.34436556344365565,0.34436556344365565
primary,0.4,event_energy_median,event_energy_median,lower,noise,N1,vs_method_i,18,-0.03553352457137846,-0.0679837081632301,-0.020033936606537444,9.999000099990002e-05,0.00029997000299970003
primary,0.4,event_energy_median,event_energy_median,lower,noise,N1,vs_method_j,18,0.040866592040581046,0.001865665608663151,0.06091326950034038,0.10288971102889712,0.10288971102889712
primary,0.4,event_energy_median,event_energy_median,lower,noise,N1,vs_best_single,18,-0.03125498298791863,-0.0679837081632301,-0.0035223578581484805,0.024697530246975304,0.04939506049395061
primary,0.4,event_energy_median,event_energy_median,lower,noise,N2,vs_method_i,18,-7.798554585175823e-07,-0.008798700656535555,-3.3409282285123965e-12,0.026497350264973504,0.026497350264973504
primary,0.4,event_energy_median,event_energy_median,lower,noise,N2,vs_method_j,18,0.014049572427018502,5.981052015569196e-07,0.03360781757736092,9.999000099990002e-05,0.00029997000299970003
primary,0.4,event_energy_median,event_energy_median,lower,noise,N2,vs_best_single,18,0.019227917806985198,9.165621400121752e-07,0.030579097560188583,9.999000099990002e-05,0.00029997000299970003
primary,0.4,event_energy_median,event_energy_median,lower,noise,N3,vs_method_i,18,-0.00013076727990951435,-0.0006597465010125224,0.0049243314583634285,0.3538646135386461,0.3538646135386461
primary,0.4,event_energy_median,event_energy_median,lower,noise,N3,vs_method_j,18,0.0001235069655544825,-0.02981096690738688,0.0005522467323925348,0.054094590540945904,0.10818918108189181
primary,0.4,event_energy_median,event_energy_median,lower,noise,N3,vs_best_single,18,0.041248975658393465,0.01364219117272707,0.09635585450317052,9.999000099990002e-05,0.00029997000299970003
primary,0.4,event_energy_median,event_energy_median,lower,gamma,0.4,vs_method_i,54,-0.0009360749985640564,-0.009647670354921105,-9.735888112247814e-07,9.999000099990002e-05,0.00029997000299970003
primary,0.4,event_energy_median,event_energy_median,lower,gamma,0.4,vs_method_j,54,0.0008991934880926526,9.36026512028903e-07,0.017265928794748545,0.05039496050394961,0.06999300069993
primary,0.4,event_energy_median,event_energy_median,lower,gamma,0.4,vs_best_single,54,0.012244591641675632,9.165621400121752e-07,0.025238262443049258,0.034996500349965,0.06999300069993
primary,0.5,ΔSNR,delta_snr_db,higher,global,global,vs_method_i,54,0.16582726768075587,0.04684828147196405,0.32640948680620685,9.999000099990002e-05,0.00029997000299970003
primary,0.5,ΔSNR,delta_snr_db,higher,global,global,vs_method_j,54,0.026673028718289964,0.017205286832329136,0.1429338959614706,0.0007999200079992001,0.0007999200079992001
primary,0.5,ΔSNR,delta_snr_db,higher,global,global,vs_best_single,54,-4.151701069969006,-7.800293219565235,-1.6277029015165612,9.999000099990002e-05,0.00029997000299970003
primary,0.5,ΔSNR,delta_snr_db,higher,model,M1,vs_method_i,27,0.027696427443414606,0.01645574423858065,0.043068103107192,0.24167583241675833,0.24167583241675833
primary,0.5,ΔSNR,delta_snr_db,higher,model,M1,vs_method_j,27,0.02766494616116688,0.0191119022442372,3.381789344814379,9.999000099990002e-05,0.00029997000299970003
primary,0.5,ΔSNR,delta_snr_db,higher,model,M1,vs_best_single,27,-7.442444324109385,-12.562973913352506,-0.9667952388469416,9.999000099990002e-05,0.00029997000299970003
primary,0.5,ΔSNR,delta_snr_db,higher,model,M2,vs_method_i,27,0.6215776154920789,0.35868156108405547,1.094649358296376,9.999000099990002e-05,0.00029997000299970003
primary,0.5,ΔSNR,delta_snr_db,higher,model,M2,vs_method_j,27,-0.021294946598187536,-0.2320443656868747,0.7232788172216829,0.18418158184181582,0.18418158184181582
primary,0.5,ΔSNR,delta_snr_db,higher,model,M2,vs_best_single,27,-3.1637624712639365,-6.424382101278785,-0.8366025915389561,0.00019998000199980003,0.00039996000399960006
primary,0.5,ΔSNR,delta_snr_db,higher,noise,N1,vs_method_i,18,0.22352607283149029,-0.2516343062978863,0.9443222184257696,0.09459054094590541,0.18918108189181082
primary,0.5,ΔSNR,delta_snr_db,higher,noise,N1,vs_method_j,18,3.3807168609413303,2.755807874563077,3.5552901520378724,9.999000099990002e-05,0.00029997000299970003
primary,0.5,ΔSNR,delta_snr_db,higher,noise,N1,vs_best_single,18,-0.10634591077457145,-0.4706534001210443,0.3687727131803862,0.8899110088991101,0.8899110088991101
primary,0.5,ΔSNR,delta_snr_db,higher,noise,N2,vs_method_i,18,0.11849285102497031,0.017223836170598972,0.6074306943662022,0.00019998000199980003,0.0005999400059994001
primary,0.5,ΔSNR,delta_snr_db,higher,noise,N2,vs_method_j,18,-0.04037381700319376,-0.3112891293298894,0.017205026275892266,0.008399160083991601,0.008399160083991601
primary,0.5,ΔSNR,delta_snr_db,higher,noise,N2,vs_best_single,18,-4.151701069969006,-7.417661971305977,-3.086691494003243,0.00019998000199980003,0.0005999400059994001
primary,0.5,ΔSNR,delta_snr_db,higher,noise,N3,vs_method_i,18,0.16582726768075587,0.050728365740936976,0.35868156108405547,9.999000099990002e-05,0.00029997000299970003
primary,0.5,ΔSNR,delta_snr_db,higher,noise,N3,vs_method_j,18,0.018964489363181958,-0.020596708603627167,0.026784379834452476,0.5271472852714728,0.5271472852714728
primary,0.5,ΔSNR,delta_snr_db,higher,noise,N3,vs_best_single,18,-12.386192555630432,-13.641910436688619,-10.340406569179148,9.999000099990002e-05,0.00029997000299970003
primary,0.5,ΔSNR,delta_snr_db,higher,gamma,0.5,vs_method_i,54,0.16582726768075587,0.04684828147196405,0.32640948680620685,9.999000099990002e-05,0.00029997000299970003
primary,0.5,ΔSNR,delta_snr_db,higher,gamma,0.5,vs_method_j,54,0.026673028718289964,0.017205286832329136,0.1429338959614706,0.0010998900109989002,0.0010998900109989002
primary,0.5,ΔSNR,delta_snr_db,higher,gamma,0.5,vs_best_single,54,-4.151701069969006,-7.800293219565235,-1.6277029015165612,9.999000099990002e-05,0.00029997000299970003
primary,0.5,Lsig,lsig,lower,global,global,vs_method_i,54,-0.0027434639358009886,-0.010465935245391782,-0.0001819711620244524,9.999000099990002e-05,0.00029997000299970003
primary,0.5,Lsig,lsig,lower,global,global,vs_method_j,54,0.0004311890477802782,8.208090996804454e-06,0.004676726578139055,0.31226877312268775,0.31226877312268775
primary,0.5,Lsig,lsig,lower,global,global,vs_best_single,54,0.0062561756137307694,0.003475208614101202,0.014134924916954353,0.000999900009999,0.001999800019998
primary,0.5,Lsig,lsig,lower,model,M1,vs_method_i,27,-3.815719832504038e-09,-0.0001647226166678617,-4.6666004394069205e-12,0.2081791820817918,0.2081791820817918
primary,0.5,Lsig,lsig,lower,model,M1,vs_method_j,27,3.117681866388452e-10,-0.007726988029483556,1.641468895442061e-05,0.0031996800319968005,0.006399360063993601
primary,0.5,Lsig,lsig,lower,model,M1,vs_best_single,27,0.006446953951961029,-5.899948042824788e-09,0.017557430794169666,9.999000099990002e-05,0.00029997000299970003
primary,0.5,Lsig,lsig,lower,model,M2,vs_method_i,27,-0.01452178764819266,-0.016254219361232232,-0.013255234503293916,9.999000099990002e-05,0.00029997000299970003
primary,0.5,Lsig,lsig,lower,model,M2,vs_method_j,27,0.005916170959562064,0.00483496585046273,0.009883701429813686,9.999000099990002e-05,0.00029997000299970003
primary,0.5,Lsig,lsig,lower,model,M2,vs_best_single,27,0.00623931544159477,0.0036833257377732274,0.015684156383142984,0.23307669233076692,0.23307669233076692
primary,0.5,Lsig,lsig,lower,noise,N1,vs_method_i,18,-0.00374401984528518,-0.02088785075018971,0.0006720012684028553,0.015798420157984203,0.04739526047395261
primary,0.5,Lsig,lsig,lower,noise,N1,vs_method_j,18,-0.007811106571020739,-0.029828651032456802,0.005839932379645528,0.0268973102689731,0.0537946205379462
primary,0.5,Lsig,lsig,lower,noise,N1,vs_best_single,18,-2.551525577817841e-05,-0.01168455541009231,0.004573177197895566,0.12568743125687432,0.12568743125687432
primary,0.5,Lsig,lsig,lower,noise,N2,vs_method_i,18,-0.0015349397671304004,-0.014606385422704132,-1.2524549587204218e-09,9.999000099990002e-05,0.00029997000299970003
primary,0.5,Lsig,lsig,lower,noise,N2,vs_method_j,18,0.0022916917609698503,4.572699908652316e-10,0.005781498153543048,0.00029997000299970003,0.0005999400059994001
primary,0.5,Lsig,lsig,lower,noise,N2,vs_best_single,18,0.0038057994465216342,-5.899948042824788e-09,0.010769917757649301,0.00039996000399960006,0.0005999400059994001
primary,0.5,Lsig,lsig,lower,noise,N3,vs_method_i,18,-0.003576987943750278,-0.013255234503293916,-0.0001819711620244524,9.999000099990002e-05,0.00029997000299970003
primary,0.5,Lsig,lsig,lower,noise,N3,vs_method_j,18,0.002356650675282527,0.0001647315405161054,0.005198655374085345,9.999000099990002e-05,0.00029997000299970003
primary,0.5,Lsig,lsig,lower,noise,N3,vs_best_single,18,0.040148214932138965,0.019313541586651075,0.09007954458996004,9.999000099990002e-05,0.00029997000299970003
primary,0.5,Lsig,lsig,lower,gamma,0.5,vs_method_i,54,-0.0027434639358009886,-0.010465935245391782,-0.0001819711620244524,9.999000099990002e-05,0.00029997000299970003
primary,0.5,Lsig,lsig,lower,gamma,0.5,vs_method_j,54,0.0004311890477802782,8.208090996804454e-06,0.004676726578139055,0.3076692330766923,0.3076692330766923
primary,0.5,Lsig,lsig,lower,gamma,0.5,vs_best_single,54,0.0062561756137307694,0.003475208614101202,0.014134924916954353,0.0006999300069993001,0.0013998600139986002
primary,0.5,CNA,cna_db,higher,global,global,vs_method_i,36,0.033639690407228216,0.017147890173205227,0.04480226398184659,0.015298470152984701,0.015298470152984701
primary,0.5,CNA,cna_db,higher,global,global,vs_method_j,36,0.0880180444470261,0.057632399095332285,0.11734743123596819,9.999000099990002e-05,0.00029997000299970003
primary,0.5,CNA,cna_db,higher,global,global,vs_best_single,36,-28.29671709081829,-28.978112670587528,-11.911445988235215,9.999000099990002e-05,0.00029997000299970003
primary,0.5,CNA,cna_db,higher,model,M1,vs_method_i,18,0.05007036325492867,0.03437760292660338,0.06106337573102877,0.00019998000199980003,0.00029997000299970003
primary,0.5,CNA,cna_db,higher,model,M1,vs_method_j,18,0.05178731593548293,0.03441585332194163,0.06512084949147201,9.999000099990002e-05,0.00029997000299970003
primary,0.5,CNA,cna_db,higher,model,M1,vs_best_single,18,-29.10777279954081,-29.30513365935812,-14.975041068957553,9.999000099990002e-05,0.00029997000299970003
primary,0.5,CNA,cna_db,higher,model,M2,vs_method_i,18,-0.010344348425464223,-0.03751814161332782,0.017147890173205227,0.9159084091590841,0.9159084091590841
primary,0.5,CNA,cna_db,higher,model,M2,vs_method_j,18,0.12736638268312267,0.09479434169866258,0.1661779010456257,9.999000099990002e-05,0.00029997000299970003
primary,0.5,CNA,cna_db,higher,model,M2,vs_best_single,18,-17.182623583298557,-28.59590426976318,-4.776159191086565,0.00019998000199980003,0.00039996000399960006
primary,0.5,CNA,cna_db,higher,noise,N1,vs_method_i,0,,,,,
primary,0.5,CNA,cna_db,higher,noise,N1,vs_method_j,0,,,,,
primary,0.5,CNA,cna_db,higher,noise,N1,vs_best_single,0,,,,,
primary,0.5,CNA,cna_db,higher,noise,N2,vs_method_i,18,0.03291148852991509,-0.020324321559615194,0.03437274759474218,0.808019198080192,0.808019198080192
primary,0.5,CNA,cna_db,higher,noise,N2,vs_method_j,18,0.05647584707423234,0.03441638515725558,0.09479434169866258,9.999000099990002e-05,0.00029997000299970003
primary,0.5,CNA,cna_db,higher,noise,N2,vs_best_single,18,-7.634491631590935,-14.83543905010419,-4.711634864450785,9.999000099990002e-05,0.00029997000299970003
primary,0.5,CNA,cna_db,higher,noise,N3,vs_method_i,18,0.044609384725985926,0.009348586774325013,0.12069499923932762,0.010998900109989001,0.010998900109989001
primary,0.5,CNA,cna_db,higher,noise,N3,vs_method_j,18,0.1240836047592074,0.06523500244740343,0.29274576050364215,9.999000099990002e-05,0.00029997000299970003
primary,0.5,CNA,cna_db,higher,noise,N3,vs_best_single,18,-28.997285839228113,-29.253643247742264,-28.732074757556028,9.999000099990002e-05,0.00029997000299970003
primary,0.5,CNA,cna_db,higher,gamma,0.5,vs_method_i,36,0.033639690407228216,0.010123807577843869,0.04762446510813253,0.016198380161983803,0.016198380161983803
primary,0.5,CNA,cna_db,higher,gamma,0.5,vs_method_j,36,0.0880180444470261,0.057632399095332285,0.1240836047592074,9.999000099990002e-05,0.00029997000299970003
primary,0.5,CNA,cna_db,higher,gamma,0.5,vs_best_single,36,-28.29671709081829,-28.978112670587528,-11.859509251420661,9.999000099990002e-05,0.00029997000299970003
primary,0.5,event_timing_median,event_timing_median_ms,lower,global,global,vs_method_i,54,0.0,0.0,0.0,0.7555244475552445,1.0
primary,0.5,event_timing_median,event_timing_median_ms,lower,global,global,vs_method_j,54,0.0,0.0,0.0,1.0,1.0
primary,0.5,event_timing_median,event_timing_median_ms,lower,global,global,vs_best_single,54,0.0,0.0,0.0,0.3184681531846815,0.9554044595540445
primary,0.5,event_timing_median,event_timing_median_ms,lower,model,M1,vs_method_i,27,0.0,0.0,0.0,0.7505249475052495,1.0
primary,0.5,event_timing_median,event_timing_median_ms,lower,model,M1,vs_method_j,27,0.0,0.0,0.0,1.0,1.0
primary,0.5,event_timing_median,event_timing_median_ms,lower,model,M1,vs_best_single,27,0.0,0.0,0.0,0.7551244875512448,1.0
primary,0.5,event_timing_median,event_timing_median_ms,lower,model,M2,vs_method_i,27,0.0,0.0,0.0,1.0,1.0
primary,0.5,event_timing_median,event_timing_median_ms,lower,model,M2,vs_method_j,27,0.0,0.0,0.0,1.0,1.0
primary,0.5,event_timing_median,event_timing_median_ms,lower,model,M2,vs_best_single,27,0.0,0.0,0.0,0.6356364363563644,1.0
primary,0.5,event_timing_median,event_timing_median_ms,lower,noise,N1,vs_method_i,18,0.0,0.0,0.0,0.7593240675932407,1.0
primary,0.5,event_timing_median,event_timing_median_ms,lower,noise,N1,vs_method_j,18,0.0,0.0,0.0,1.0,1.0
primary,0.5,event_timing_median,event_timing_median_ms,lower,noise,N1,vs_best_single,18,0.0,0.0,0.0,0.7479252074792521,1.0
primary,0.5,event_timing_median,event_timing_median_ms,lower,noise,N2,vs_method_i,18,0.0,0.0,0.0,1.0,1.0
primary,0.5,event_timing_median,event_timing_median_ms,lower,noise,N2,vs_method_j,18,0.0,0.0,0.0,1.0,1.0
primary,0.5,event_timing_median,event_timing_median_ms,lower,noise,N2,vs_best_single,18,0.0,0.0,0.0,1.0,1.0
primary,0.5,event_timing_median,event_timing_median_ms,lower,noise,N3,vs_method_i,18,0.0,0.0,0.0,1.0,1.0
primary,0.5,event_timing_median,event_timing_median_ms,lower,noise,N3,vs_method_j,18,0.0,0.0,0.0,1.0,1.0
primary,0.5,event_timing_median,event_timing_median_ms,lower,noise,N3,vs_best_single,18,0.0,0.0,0.0,0.2508749125087491,0.7526247375262474
primary,0.5,event_timing_median,event_timing_median_ms,lower,gamma,0.5,vs_method_i,54,0.0,0.0,0.0,0.7370262973702629,1.0
primary,0.5,event_timing_median,event_timing_median_ms,lower,gamma,0.5,vs_method_j,54,0.0,0.0,0.0,1.0,1.0
primary,0.5,event_timing_median,event_timing_median_ms,lower,gamma,0.5,vs_best_single,54,0.0,0.0,0.0,0.3250674932506749,0.9752024797520247
primary,0.5,event_energy_median,event_energy_median,lower,global,global,vs_method_i,54,-0.0009360749985640564,-0.009702000804923632,-9.698836593597823e-07,9.999000099990002e-05,0.00029997000299970003
primary,0.5,event_energy_median,event_energy_median,lower,global,global,vs_method_j,54,0.0008991934880926526,9.36026511960681e-07,0.017193733151107105,0.049795020497950204,0.0811918808119188
primary,0.5,event_energy_median,event_energy_median,lower,global,global,vs_best_single,54,0.012244591642739864,9.532387448195248e-07,0.02513029121221685,0.0405959404059594,0.0811918808119188
primary,0.5,event_energy_median,event_energy_median,lower,model,M1,vs_method_i,27,-0.0002554860979765358,-0.0011222253866281784,-6.752253882205741e-07,0.0066993300669933005,0.020097990200979902
primary,0.5,event_energy_median,event_energy_median,lower,model,M1,vs_method_j,27,8.852682073622511e-07,-2.2350940542814612e-12,0.0003744476360665258,0.38396160383961603,0.38396160383961603
primary,0.5,event_energy_median,event_energy_median,lower,model,M1,vs_best_single,27,9.532387448195248e-07,2.7619976408680985e-07,0.017461046311579954,0.07029297070292971,0.14058594140585942
primary,0.5,event_energy_median,event_energy_median,lower,model,M2,vs_method_i,27,-0.009796815879675978,-0.014182356736831096,9.811578844493019e-05,0.0012998700129987,0.0038996100389961
primary,0.5,event_energy_median,event_energy_median,lower,model,M2,vs_method_j,27,0.03322134010995501,0.014490886010804775,0.039218644269496235,0.0018998100189981002,0.0038996100389961
primary,0.5,event_energy_median,event_energy_median,lower,model,M2,vs_best_single,27,0.024469961887767958,0.006852426477389709,0.034059793118773087,0.35096490350964904,0.35096490350964904
primary,0.5,event_energy_median,event_energy_median,lower,noise,N1,vs_method_i,18,-0.03568327713242053,-0.0681505761558108,-0.021456569221756983,9.999000099990002e-05,0.00029997000299970003
primary,0.5,event_energy_median,event_energy_median,lower,noise,N1,vs_method_j,18,0.04066214815778027,0.002488976431683103,0.06076351693929832,0.10078992100789921,0.10078992100789921
primary,0.5,event_energy_median,event_energy_median,lower,noise,N1,vs_best_single,18,-0.03142624455861569,-0.0681505761558108,-0.0035277791695056504,0.026697330266973303,0.053394660533946606
primary,0.5,event_energy_median,event_energy_median,lower,noise,N2,vs_method_i,18,-7.796579475150853e-07,-0.008674319655132438,-3.350169100468925e-12,0.023697630236976304,0.023697630236976304
primary,0.5,event_energy_median,event_energy_median,lower,noise,N2,vs_method_j,18,0.013993483110232015,5.62943265437843e-07,0.03360781757736138,9.999000099990002e-05,0.00029997000299970003
primary,0.5,event_energy_median,event_energy_median,lower,noise,N2,vs_best_single,18,0.019190993535741427,9.532387448195248e-07,0.031549711961023914,9.999000099990002e-05,0.00029997000299970003
primary,0.5,event_energy_median,event_energy_median,lower,noise,N3,vs_method_i,18,-0.0001307132068916854,-0.0006614213049676819,0.005158646038710632,0.35106489351064896,0.35106489351064896
primary,0.5,event_energy_median,event_energy_median,lower,noise,N3,vs_method_j,18,0.000123521221526866,-0.029467149630922736,0.0005522467323925348,0.05269473052694731,0.10538946105389461
primary,0.5,event_energy_median,event_energy_median,lower,noise,N3,vs_best_single,18,0.041249045760258236,0.011815353109285092,0.09642901150829127,9.999000099990002e-05,0.00029997000299970003
primary,0.5,event_energy_median,event_energy_median,lower,gamma,0.5,vs_method_i,54,-0.0009360749985640564,-0.009702000804923632,-9.698836593597823e-07,0.00019998000199980003,0.0005999400059994001
primary,0.5,event_energy_median,event_energy_median,lower,gamma,0.5,vs_method_j,54,0.0008991934880926526,9.36026511960681e-07,0.017193733151107105,0.047295270472952705,0.0731926807319268
primary,0.5,event_energy_median,event_energy_median,lower,gamma,0.5,vs_best_single,54,0.012244591642739864,9.202672918771743e-07,0.02513029121221685,0.0365963403659634,0.0731926807319268
primary,0.6,ΔSNR,delta_snr_db,higher,global,global,vs_method_i,54,0.16583148583709573,0.04682665748414509,0.32503927233802354,0.00029997000299970003,0.0005999400059994001
primary,0.6,ΔSNR,delta_snr_db,higher,global,global,vs_method_j,54,0.02663107344347393,0.017205317844545043,0.1429386941959585,0.0015998400159984002,0.0015998400159984002
primary,0.6,ΔSNR,delta_snr_db,higher,global,global,vs_best_single,54,-4.1449949172092495,-8.06284360902734,-1.6244680487688363,9.999000099990002e-05,0.00029997000299970003
primary,0.6,ΔSNR,delta_snr_db,higher,model,M1,vs_method_i,27,0.027696329296961864,0.016455744232215963,0.043068103107192,0.24017598240175983,0.24017598240175983
primary,0.6,ΔSNR,delta_snr_db,higher,model,M1,vs_method_j,27,0.027664928580636072,0.0191119022442372,3.381789344814411,9.999000099990002e-05,0.00029997000299970003
primary,0.6,ΔSNR,delta_snr_db,higher,model,M1,vs_best_single,27,-7.442444225581809,-12.562973913352506,-0.9718050857755749,9.999000099990002e-05,0.00029997000299970003
primary,0.6,ΔSNR,delta_snr_db,higher,model,M2,vs_method_i,27,0.6239607283902702,0.36003483631548505,1.0946493582963779,9.999000099990002e-05,0.00029997000299970003
primary,0.6,ΔSNR,delta_snr_db,higher,model,M2,vs_method_j,27,-0.019944531087194406,-0.22643178131862562,0.7297485227171325,0.17948205179482052,0.17948205179482052
primary,0.6,ΔSNR,delta_snr_db,higher,model,M2,vs_best_single,27,-3.1475208094296807,-6.419084901749285,-0.8366025915389548,9.999000099990002e-05,0.00029997000299970003
primary,0.6,ΔSNR,delta_snr_db,higher,noise,N1,vs_method_i,18,0.22147922074760995,-0.25624135622446875,1.0284784870984227,0.0933906609339066,0.1867813218678132
primary,0.6,ΔSNR,delta_snr_db,higher,noise,N1,vs_method_j,18,3.3785409220649223,2.7546117047644536,3.565583097197044,9.999000099990002e-05,0.00029997000299970003
primary,0.6,ΔSNR,delta_snr_db,higher,noise,N1,vs_best_single,18,-0.10871203609342128,-0.4755689280364157,0.36672586109650407,0.898010198980102,0.898010198980102
primary,0.6,ΔSNR,delta_snr_db,higher,noise,N2,vs_method_i,18,0.11849285102497076,0.017223399599745726,0.5955681907644177,9.999000099990002e-05,0.00029997000299970003
primary,0.6,ΔSNR,delta_snr_db,higher,noise,N2,vs_method_j,18,-0.0403738170039345,-0.3223316494741084,0.01720525718052457,0.007799220077992201,0.007799220077992201
primary,0.6,ΔSNR,delta_snr_db,higher,noise,N2,vs_best_single,18,-4.1449949172092495,-7.430053084527161,-3.071632552378966,9.999000099990002e-05,0.00029997000299970003
primary,0.6,ΔSNR,delta_snr_db,higher,noise,N3,vs_method_i,18,0.16583148583709573,0.050705967323073864,0.36003483631548505,9.999000099990002e-05,0.00029997000299970003
primary,0.6,ΔSNR,delta_snr_db,higher,noise,N3,vs_method_j,18,0.018964489363181958,-0.019158808623241264,0.026744912349293326,0.5241475852414759,0.5241475852414759
primary,0.6,ΔSNR,delta_snr_db,higher,noise,N3,vs_best_single,18,-12.38619330013351,-13.641910935340213,-10.340377892106021,9.999000099990002e-05,0.00029997000299970003
primary,0.6,ΔSNR,delta_snr_db,higher,gamma,0.6,vs_method_i,54,0.16583148583709573,0.04682665748414509,0.32503927233802354,9.999000099990002e-05,0.00029997000299970003
primary,0.6,ΔSNR,delta_snr_db,higher,gamma,0.6,vs_method_j,54,0.02663107344347393,0.01720525718052457,0.1429386941959585,0.0012998700129987,0.0012998700129987
primary,0.6,ΔSNR,delta_snr_db,higher,gamma,0.6,vs_best_single,54,-4.1449949172092495,-7.797576674009277,-1.6244680487688363,9.999000099990002e-05,0.00029997000299970003
primary,0.6,Lsig,lsig,lower,global,global,vs_method_i,54,-0.002780172739404811,-0.010511762424506734,-0.00018194370240218194,9.999000099990002e-05,0.00029997000299970003
primary,0.6,Lsig,lsig,lower,global,global,vs_method_j,54,0.00043105445241278795,8.208100060921347e-06,0.004645925513946245,0.31116888311168883,0.31116888311168883
primary,0.6,Lsig,lsig,lower,global,global,vs_best_single,54,0.006256175613730804,0.0033988227314256537,0.014098798386727937,0.0016998300169983002,0.0033996600339966003
primary,0.6,Lsig,lsig,lower,model,M1,vs_method_i,27,-3.815719832504045e-09,-0.0001647226166678617,-4.6381041368670495e-12,0.20887911208879112,0.20887911208879112
primary,0.6,Lsig,lsig,lower,model,M1,vs_method_j,27,3.117681866388396e-10,-0.007721303984076903,1.641468895442061e-05,0.004299570042995701,0.008599140085991401
primary,0.6,Lsig,lsig,lower,model,M1,vs_best_single,27,0.006524698542977103,-5.881242489921843e-09,0.017557430794169666,9.999000099990002e-05,0.00029997000299970003
primary,0.6,Lsig,lsig,lower,model,M2,vs_method_i,27,-0.014515729221415273,-0.016309075767138966,-0.013318214317169043,9.999000099990002e-05,0.00029997000299970003
primary,0.6,Lsig,lsig,lower,model,M2,vs_method_j,27,0.005916170959562091,0.004773516958647579,0.009883701429813749,9.999000099990002e-05,0.00029997000299970003
primary,0.6,Lsig,lsig,lower,model,M2,vs_best_single,27,0.006239315441594805,0.0036218768459580766,0.015610722482777433,0.24547545245475452,0.24547545245475452
primary,0.6,Lsig,lsig,lower,noise,N1,vs_method_i,18,-0.0037710815789294295,-0.020921548655323516,0.0006788436924967741,0.015198480151984802,0.04559544045595441
primary,0.6,Lsig,lsig,lower,noise,N1,vs_method_j,18,-0.007808264548317413,-0.029817016000393375,0.005457241180771031,0.030396960303969604,0.06079392060793921
primary,0.6,Lsig,lsig,lower,noise,N1,vs_best_single,18,-2.2191936314986012e-05,-0.011694233925785039,0.004549909955696544,0.1292870712928707,0.1292870712928707
primary,0.6,Lsig,lsig,lower,noise,N2,vs_method_i,18,-0.0015716485616700919,-0.014650518259937956,-1.090660506625434e-09,9.999000099990002e-05,0.00029997000299970003
primary,0.6,Lsig,lsig,lower,noise,N2,vs_method_j,18,0.0022608907058411392,4.63708495969604e-10,0.0055993116385867564,0.00019998000199980003,0.00039996000399960006
primary,0.6,Lsig,lsig,lower,noise,N2,vs_best_single,18,0.0037750750006140684,-1.199627786302056e-08,0.010769917757653596,0.0004999500049995,0.0004999500049995
primary,0.6,Lsig,lsig,lower,noise,N3,vs_method_i,18,-0.0036112796715003555,-0.013318214317169043,-0.00018194370240218194,9.999000099990002e-05,0.00029997000299970003
primary,0.6,Lsig,lsig,lower,noise,N3,vs_method_j,18,0.0023295075552069583,0.00016496723106135258,0.005164480678915139,9.999000099990002e-05,0.00029997000299970003
primary,0.6,Lsig,lsig,lower,noise,N3,vs_best_single,18,0.0401141990073275,0.019633267764537082,0.0900792944516545,9.999000099990002e-05,0.00029997000299970003
primary,0.6,Lsig,lsig,lower,gamma,0.6,vs_method_i,54,-0.002780172739404811,-0.010511762424506734,-0.00018194370240218194,9.999000099990002e-05,0.00029997000299970003
primary,0.6,Lsig,lsig,lower,gamma,0.6,vs_method_j,54,0.00043105445241278795,8.208100060921347e-06,0.004645925513946245,0.3106689331066893,0.3106689331066893
primary,0.6,Lsig,lsig,lower,gamma,0.6,vs_best_single,54,0.006256175613730804,0.0033988227314256537,0.014140706131010806,0.000999900009999,0.001999800019998
primary,0.6,CNA,cna_db,higher,global,global,vs_method_i,36,0.033639589778415635,0.009380956100035628,0.047816585716159515,0.013998600139986002,0.013998600139986002
primary,0.6,CNA,cna_db,higher,global,global,vs_method_j,36,0.0880180444470261,0.05764231277097321,0.1179267010609828,9.999000099990002e-05,0.00029997000299970003
primary,0.6,CNA,cna_db,higher,global,global,vs_best_single,36,-28.29701592342339,-28.978143274032195,-11.85943679743562,9.999000099990002e-05,0.00029997000299970003
primary,0.6,CNA,cna_db,higher,model,M1,vs_method_i,18,0.05007031369640265,0.03437329965429079,0.06105156883227755,9.999000099990002e-05,0.00029997000299970003
primary,0.6,CNA,cna_db,higher,model,M1,vs_method_j,18,0.05178721955237942,0.03441576264347315,0.06509384316066699,9.999000099990002e-05,0.00029997000299970003
primary,0.6,CNA,cna_db,higher,model,M1,vs_best_single,18,-29.107801912400532,-29.30513365935812,-15.065182917587858,0.00019998000199980003,0.00029997000299970003
primary,0.6,CNA,cna_db,higher,model,M2,vs_method_i,18,-0.010508495125166176,-0.04312364545948895,0.017147890173205227,0.9093090690930907,0.9093090690930907
primary,0.6,CNA,cna_db,higher,model,M2,vs_method_j,18,0.1272022359834207,0.09397708863088072,0.1659161499767446,9.999000099990002e-05,0.00029997000299970003
primary,0.6,CNA,cna_db,higher,model,M2,vs_best_single,18,-17.183380276940028,-28.596028355998413,-4.711828350811327,9.999000099990002e-05,0.00029997000299970003
primary,0.6,CNA,cna_db,higher,noise,N1,vs_method_i,0,,,,,
primary,0.6,CNA,cna_db,higher,noise,N1,vs_method_j,0,,,,,
primary,0.6,CNA,cna_db,higher,noise,N1,vs_best_single,0,,,,,
primary,0.6,CNA,cna_db,higher,noise,N2,vs_method_i,18,0.03291148852391535,-0.02059301256205967,0.03437329965429079,0.8153184681531847,0.8153184681531847
primary,0.6,CNA,cna_db,higher,noise,N2,vs_method_j,18,0.056480803912052804,0.03441576264347315,0.09353352767339834,9.999000099990002e-05,0.00029997000299970003
primary,0.6,CNA,cna_db,higher,noise,N2,vs_best_single,18,-7.634631919258602,-14.836057261334311,-4.776335945575302,9.999000099990002e-05,0.00029997000299970003
primary,0.6,CNA,cna_db,higher,noise,N3,vs_method_i,18,0.04460938472598687,0.009380956100035628,0.12045908426807572,0.010998900109989001,0.010998900109989001
primary,0.6,CNA,cna_db,higher,noise,N3,vs_method_j,18,0.12399307695657781,0.06524769236349642,0.2927854039794916,9.999000099990002e-05,0.00029997000299970003
primary,0.6,CNA,cna_db,higher,noise,N3,vs_best_single,18,-28.99733263116955,-29.253670884278023,-28.749677257510527,9.999000099990002e-05,0.00029997000299970003
primary,0.6,CNA,cna_db,higher,gamma,0.6,vs_method_i,36,0.033639589778415635,0.009380956100035628,0.047816585716159515,0.013798620137986202,0.013798620137986202
primary,0.6,CNA,cna_db,higher,gamma,0.6,vs_method_j,36,0.0880180444470261,0.05764231277097321,0.12399307695657781,9.999000099990002e-05,0.00029997000299970003
primary,0.6,CNA,cna_db,higher,gamma,0.6,vs_best_single,36,-28.29701592342339,-28.99733263116955,-11.85943679743562,9.999000099990002e-05,0.00029997000299970003
primary,0.6,event_timing_median,event_timing_median_ms,lower,global,global,vs_method_i,54,0.0,0.0,0.0,0.7507249275072493,1.0
primary,0.6,event_timing_median,event_timing_median_ms,lower,global,global,vs_method_j,54,0.0,0.0,0.0,1.0,1.0
primary,0.6,event_timing_median,event_timing_median_ms,lower,global,global,vs_best_single,54,0.0,0.0,0.0,0.31126887311268875,0.9338066193380663
primary,0.6,event_timing_median,event_timing_median_ms,lower,model,M1,vs_method_i,27,0.0,0.0,0.0,0.7479252074792521,1.0
primary,0.6,event_timing_median,event_timing_median_ms,lower,model,M1,vs_method_j,27,0.0,0.0,0.0,1.0,1.0
primary,0.6,event_timing_median,event_timing_median_ms,lower,model,M1,vs_best_single,27,0.0,0.0,0.0,0.7456254374562544,1.0
primary,0.6,event_timing_median,event_timing_median_ms,lower,model,M2,vs_method_i,27,0.0,0.0,0.0,1.0,1.0
primary,0.6,event_timing_median,event_timing_median_ms,lower,model,M2,vs_method_j,27,0.0,0.0,0.0,1.0,1.0
primary,0.6,event_timing_median,event_timing_median_ms,lower,model,M2,vs_best_single,27,0.0,0.0,0.0,0.6228377162283771,1.0
primary,0.6,event_timing_median,event_timing_median_ms,lower,noise,N1,vs_method_i,18,0.0,0.0,0.0,0.7521247875212479,1.0
primary,0.6,event_timing_median,event_timing_median_ms,lower,noise,N1,vs_method_j,18,0.0,0.0,0.0,1.0,1.0
primary,0.6,event_timing_median,event_timing_median_ms,lower,noise,N1,vs_best_single,18,0.0,0.0,0.0,0.7539246075392461,1.0
primary,0.6,event_timing_median,event_timing_median_ms,lower,noise,N2,vs_method_i,18,0.0,0.0,0.0,1.0,1.0
primary,0.6,event_timing_median,event_timing_median_ms,lower,noise,N2,vs_method_j,18,0.0,0.0,0.0,1.0,1.0
primary,0.6,event_timing_median,event_timing_median_ms,lower,noise,N2,vs_best_single,18,0.0,0.0,0.0,1.0,1.0
primary,0.6,event_timing_median,event_timing_median_ms,lower,noise,N3,vs_method_i,18,0.0,0.0,0.0,1.0,1.0
primary,0.6,event_timing_median,event_timing_median_ms,lower,noise,N3,vs_method_j,18,0.0,0.0,0.0,1.0,1.0
primary,0.6,event_timing_median,event_timing_median_ms,lower,noise,N3,vs_best_single,18,0.0,0.0,0.0,0.24757524247575244,0.7427257274272573
primary,0.6,event_timing_median,event_timing_median_ms,lower,gamma,0.6,vs_method_i,54,0.0,0.0,0.0,0.7488251174882512,1.0
primary,0.6,event_timing_median,event_timing_median_ms,lower,gamma,0.6,vs_method_j,54,0.0,0.0,0.0,1.0,1.0
primary,0.6,event_timing_median,event_timing_median_ms,lower,gamma,0.6,vs_best_single,54,0.0,0.0,0.0,0.32186781321867813,0.9656034396560345
primary,0.6,event_energy_median,event_energy_median,lower,global,global,vs_method_i,54,-0.0009360749985640564,-0.009758492381689621,-3.519952769516831e-06,9.999000099990002e-05,0.00029997000299970003
primary,0.6,event_energy_median,event_energy_median,lower,global,global,vs_method_j,54,0.0008991934880926526,9.36026511960681e-07,0.017119318549140304,0.050994900509949,0.0735926407359264
primary,0.6,event_energy_median,event_energy_median,lower,global,global,vs_best_single,54,0.012244591643825058,9.240573457060404e-07,0.02502165207197756,0.0367963203679632,0.0735926407359264
primary,0.6,event_energy_median,event_energy_median,lower,model,M1,vs_method_i,27,-0.00025526356420301627,-0.0011222253866281784,-6.748310811077967e-07,0.007899210078992101,0.023697630236976304
primary,0.6,event_energy_median,event_energy_median,lower,model,M1,vs_method_j,27,8.852682073622511e-07,-2.2350940542814612e-12,0.0003744476360665258,0.37476252374762525,0.37476252374762525
primary,0.6,event_energy_median,event_energy_median,lower,model,M1,vs_best_single,27,9.60818852477257e-07,2.7720592728010953e-07,0.017461046311579954,0.07169283071692831,0.14338566143385661
primary,0.6,event_energy_median,event_energy_median,lower,model,M2,vs_method_i,27,-0.009796815879675697,-0.014416683822914292,-7.744026228909129e-05,0.0017998200179982,0.0053994600539946005
primary,0.6,event_energy_median,event_energy_median,lower,model,M2,vs_method_j,27,0.03322134010995527,0.014342056806869313,0.03904308821876221,0.0017998200179982,0.0053994600539946005
primary,0.6,event_energy_median,event_energy_median,lower,model,M2,vs_best_single,27,0.024332480319413465,0.0067035972734542475,0.033892661368717096,0.3608639136086391,0.3608639136086391
primary,0.6,event_energy_median,event_energy_median,lower,noise,N1,vs_method_i,18,-0.03583629185102462,-0.06815057615580979,-0.02149829393662203,9.999000099990002e-05,0.00029997000299970003
primary,0.6,event_energy_median,event_energy_median,lower,noise,N1,vs_method_j,18,0.04045330608090172,0.0018134884681054193,0.06061050222069421,0.10678932106789321,0.10678932106789321
primary,0.6,event_energy_median,event_energy_median,lower,noise,N1,vs_best_single,18,-0.03160118326146079,-0.06815057615580979,-0.003533319168379514,0.025097490250974904,0.05019498050194981
primary,0.6,event_energy_median,event_energy_median,lower,noise,N2,vs_method_i,18,-9.149445820432179e-07,-0.008952389953604553,-2.064365476054864e-07,0.023997600239976002,0.023997600239976002
primary,0.6,event_energy_median,event_energy_median,lower,noise,N2,vs_method_j,18,0.013911759383513925,5.646894837061057e-07,0.03328200037120145,9.999000099990002e-05,0.00029997000299970003
primary,0.6,event_energy_median,event_energy_median,lower,noise,N2,vs_best_single,18,0.019148555599340443,9.60818852477257e-07,0.03057909756018936,9.999000099990002e-05,0.00029997000299970003
primary,0.6,event_energy_median,event_energy_median,lower,noise,N3,vs_method_i,18,-0.00013065854059413247,-0.000663113260246647,0.005194283405769914,0.34256574342565743,0.34256574342565743
primary,0.6,event_energy_median,event_energy_median,lower,noise,N3,vs_method_j,18,0.0001235357239728757,-0.02970583075330567,0.0005582911921098131,0.051894810518948106,0.10378962103789621
primary,0.6,event_energy_median,event_energy_median,lower,noise,N3,vs_best_single,18,0.04124911686329326,0.011706613665330146,0.09650443424970087,0.00019998000199980003,0.0005999400059994001
primary,0.6,event_energy_median,event_energy_median,lower,gamma,0.6,vs_method_i,54,-0.0009360749985640564,-0.009758492381689621,-3.519952769516831e-06,9.999000099990002e-05,0.00029997000299970003
primary,0.6,event_energy_median,event_energy_median,lower,gamma,0.6,vs_method_j,54,0.0008991934880926526,9.36026511960681e-07,0.017119318549140304,0.0504949505049495,0.07779222077792221
primary,0.6,event_energy_median,event_energy_median,lower,gamma,0.6,vs_best_single,54,0.012244591643825058,9.240573457060404e-07,0.02502165207197756,0.038896110388961104,0.07779222077792221
secondary,0.4,ΔSNR,delta_snr_db,higher,global,global,vs_method_i,54,0.9543775212632921,0.6467058361477145,2.0818430489654336,9.999000099990002e-05,0.00029997000299970003
secondary,0.4,ΔSNR,delta_snr_db,higher,global,global,vs_method_j,54,-0.202081472740117,-0.9970696503959786,-0.02374104212215039,0.3194680531946805,0.3194680531946805
secondary,0.4,ΔSNR,delta_snr_db,higher,global,global,vs_best_single,54,-2.9026546453366273,-5.482788540464709,-1.5199586041092252,9.999000099990002e-05,0.00029997000299970003
secondary,0.4,ΔSNR,delta_snr_db,higher,model,M1,vs_method_i,27,1.3040480314817806,0.451751427710857,2.5517169715920733,0.0024997500249975004,0.004999500049995001
secondary,0.4,ΔSNR,delta_snr_db,higher,model,M1,vs_method_j,27,-0.19923371701809156,-1.1794183099605462,2.9549584810704985,0.2743725627437256,0.2743725627437256
secondary,0.4,ΔSNR,delta_snr_db,higher,model,M1,vs_best_single,27,-3.4052992843910843,-11.68319765152891,-1.3788977058331389,9.999000099990002e-05,0.00029997000299970003
secondary,0.4,ΔSNR,delta_snr_db,higher,model,M2,vs_method_i,27,0.882608981292071,0.6455810270348712,2.0998602144040213,9.999000099990002e-05,0.00029997000299970003
secondary,0.4,ΔSNR,delta_snr_db,higher,model,M2,vs_method_j,27,-0.2125662318236241,-1.5100821284320762,0.03611040976145674,0.7241275872412759,0.7241275872412759
secondary,0.4,ΔSNR,delta_snr_db,higher,model,M2,vs_best_single,27,-1.6098274744943097,-4.784598321219018,-0.6964685353823494,9.999000099990002e-05,0.00029997000299970003
secondary,0.4,ΔSNR,delta_snr_db,higher,noise,N1,vs_method_i,18,-0.41181594630008833,-1.2809465682049552,1.165097046358147,0.7904209579042096,0.7904209579042096
secondary,0.4,ΔSNR,delta_snr_db,higher,noise,N1,vs_method_j,18,3.8130418861472286,3.2913718800527914,4.173446996151183,9.999000099990002e-05,0.00029997000299970003
secondary,0.4,ΔSNR,delta_snr_db,higher,noise,N1,vs_best_single,18,-0.5622110299820231,-1.251977674587847,0.5986920398965943,0.20217978202179782,0.40435956404359563
secondary,0.4,ΔSNR,delta_snr_db,higher,noise,N2,vs_method_i,18,2.442636145142316,1.7053441523861848,4.032079154614678,9.999000099990002e-05,0.00029997000299970003
secondary,0.4,ΔSNR,delta_snr_db,higher,noise,N2,vs_method_j,18,-1.9538083236217867,-3.3765800168501876,-1.0906608675254432,9.999000099990002e-05,0.00029997000299970003
secondary,0.4,ΔSNR,delta_snr_db,higher,noise,N2,vs_best_single,18,-2.4993103466637274,-3.5709955641527023,-1.3003714979787597,9.999000099990002e-05,0.00029997000299970003
secondary,0.4,ΔSNR,delta_snr_db,higher,noise,N3,vs_method_i,18,0.8046698523259854,0.4637593971329096,2.5517169715920733,0.00029997000299970003,0.00029997000299970003
secondary,0.4,ΔSNR,delta_snr_db,higher,noise,N3,vs_method_j,18,-0.202081472740117,-1.1794183099605462,-0.06772057167215645,9.999000099990002e-05,0.00029997000299970003
secondary,0.4,ΔSNR,delta_snr_db,higher,noise,N3,vs_best_single,18,-11.662714766663807,-13.12103404118946,-8.527335973508771,9.999000099990002e-05,0.00029997000299970003
secondary,0.4,ΔSNR,delta_snr_db,higher,gamma,0.4,vs_method_i,54,0.9543775212632921,0.6467058361477145,2.0818430489654336,9.999000099990002e-05,0.00029997000299970003
secondary,0.4,ΔSNR,delta_snr_db,higher,gamma,0.4,vs_method_j,54,-0.202081472740117,-0.9970696503959786,-0.02374104212215039,0.32396760323967605,0.32396760323967605
secondary,0.4,ΔSNR,delta_snr_db,higher,gamma,0.4,vs_best_single,54,-2.9026546453366273,-5.482788540464709,-1.5199586041092252,9.999000099990002e-05,0.00029997000299970003
secondary,0.4,Lsig,lsig,lower,global,global,vs_method_i,54,-0.009413863771077547,-0.013403099082431211,-0.006694949385252199,0.00019998000199980003,0.0005999400059994001
secondary,0.4,Lsig,lsig,lower,global,global,vs_method_j,54,0.003200149348905849,0.0012727668786969622,0.0038235095380942125,0.1070892910708929,0.1070892910708929
secondary,0.4,Lsig,lsig,lower,global,global,vs_best_single,54,0.006030370204138507,0.0036909789341178336,0.01356585249812791,0.00019998000199980003,0.0005999400059994001
secondary,0.4,Lsig,lsig,lower,model,M1,vs_method_i,27,-0.00176065296752004,-0.009617737414867924,1.24786066068467e-08,0.6002399760023998,0.6002399760023998
secondary,0.4,Lsig,lsig,lower,model,M1,vs_method_j,27,-1.3764930452305891e-08,-0.004141950978406705,0.0031790710847342807,0.029097090290970903,0.058194180581941805
secondary,0.4,Lsig,lsig,lower,model,M1,vs_best_single,27,0.006350489376689479,-3.87636430599271e-09,0.015669807042328565,9.999000099990002e-05,0.00029997000299970003
secondary,0.4,Lsig,lsig,lower,model,M2,vs_method_i,27,-0.014735297801995506,-0.01582929710746328,-0.00834145061787002,9.999000099990002e-05,0.00029997000299970003
secondary,0.4,Lsig,lsig,lower,model,M2,vs_method_j,27,0.004180844331644612,0.0035690296747258655,0.005878576744469746,0.07629237076292371,0.15258474152584742
secondary,0.4,Lsig,lsig,lower,model,M2,vs_best_single,27,0.005710251031587534,0.004003597847318998,0.016078635850771676,0.15778422157784222,0.15778422157784222
secondary,0.4,Lsig,lsig,lower,noise,N1,vs_method_i,18,-0.0040430197562085265,-0.021058696657176062,0.004025402874739896,0.24017598240175983,0.48035196480351966
secondary,0.4,Lsig,lsig,lower,noise,N1,vs_method_j,18,-0.005677903251735003,-0.04156928743626995,-9.473407114216244e-05,0.0071992800719928,0.021597840215978402
secondary,0.4,Lsig,lsig,lower,noise,N1,vs_best_single,18,0.0004226437399430993,-0.0067009953749513785,0.009011460463357003,0.618938106189381,0.618938106189381
secondary,0.4,Lsig,lsig,lower,noise,N2,vs_method_i,18,-0.003871402666173201,-0.01305067314703109,-1.3715441474276032e-09,0.00029997000299970003,0.0008999100089991002
secondary,0.4,Lsig,lsig,lower,noise,N2,vs_method_j,18,0.0034781675890115647,-3.87636430599271e-09,0.004670084975988869,0.00039996000399960006,0.0008999100089991002
secondary,0.4,Lsig,lsig,lower,noise,N2,vs_best_single,18,0.0034781675890115647,-8.820647379149301e-09,0.004945232789510354,0.0005999400059994001,0.0008999100089991002
secondary,0.4,Lsig,lsig,lower,noise,N3,vs_method_i,18,-0.012596597282443774,-0.014357193930140462,-0.00992604848697459,9.999000099990002e-05,0.00029997000299970003
secondary,0.4,Lsig,lsig,lower,noise,N3,vs_method_j,18,0.003719508991937427,0.0032049186226309357,0.004442539337030213,9.999000099990002e-05,0.00029997000299970003
secondary,0.4,Lsig,lsig,lower,noise,N3,vs_best_single,18,0.04077554016375287,0.01356585249812791,0.07918985022782239,9.999000099990002e-05,0.00029997000299970003
secondary,0.4,Lsig,lsig,lower,gamma,0.4,vs_method_i,54,-0.009413863771077547,-0.013403099082431211,-0.006694949385252199,0.00019998000199980003,0.0005999400059994001
secondary,0.4,Lsig,lsig,lower,gamma,0.4,vs_method_j,54,0.003200149348905849,0.0012727668786969622,0.0038235095380942125,0.10538946105389461,0.10538946105389461
secondary,0.4,Lsig,lsig,lower,gamma,0.4,vs_best_single,54,0.006030370204138507,0.0036909789341178336,0.01356585249812791,0.0008999100089991,0.0017998200179982
secondary,0.4,CNA,cna_db,higher,global,global,vs_method_i,36,2.3224176349662207,0.839241441627141,2.9897744265839945,9.999000099990002e-05,0.00029997000299970003
secondary,0.4,CNA,cna_db,higher,global,global,vs_method_j,36,-3.0868037698761315,-4.142915303331893,-0.6996797319640999,9.999000099990002e-05,0.00029997000299970003
secondary,0.4,CNA,cna_db,higher,global,global,vs_best_single,36,-25.82077980461002,-28.157806943162672,-7.925880019245756,9.999000099990002e-05,0.00029997000299970003
secondary,0.4,CNA,cna_db,higher,model,M1,vs_method_i,18,2.9008012690165303,1.0457435474821453,4.456459793503878,9.999000099990002e-05,0.00029997000299970003
secondary,0.4,CNA,cna_db,higher,model,M1,vs_method_j,18,-4.142915303331893,-10.383806350889696,-0.8464634948823092,9.999000099990002e-05,0.00029997000299970003
secondary,0.4,CNA,cna_db,higher,model,M1,vs_best_single,18,-27.308725574503043,-28.770924629534953,-10.662235858713991,9.999000099990002e-05,0.00029997000299970003
secondary,0.4,CNA,cna_db,higher,model,M2,vs_method_i,18,1.4448876934230832,0.6956811576213965,2.808692254283632,9.999000099990002e-05,0.00029997000299970003
secondary,0.4,CNA,cna_db,higher,model,M2,vs_method_j,18,-1.562612926121977,-3.5915852125479364,-0.646311346769704,9.999000099990002e-05,0.00029997000299970003
secondary,0.4,CNA,cna_db,higher,model,M2,vs_best_single,18,-13.962310670390043,-27.668488951126868,-3.0370760659544196,9.999000099990002e-05,0.00029997000299970003
secondary,0.4,CNA,cna_db,higher,noise,N1,vs_method_i,0,,,,,
secondary,0.4,CNA,cna_db,higher,noise,N1,vs_method_j,0,,,,,
secondary,0.4,CNA,cna_db,higher,noise,N1,vs_best_single,0,,,,,
secondary,0.4,CNA,cna_db,higher,noise,N2,vs_method_i,18,3.5838259191905406,2.0440841981116886,5.791847819724712,9.999000099990002e-05,0.00029997000299970003
secondary,0.4,CNA,cna_db,higher,noise,N2,vs_method_j,18,-7.155438627040043,-23.11730133154191,-2.6088232897218586,9.999000099990002e-05,0.00029997000299970003
secondary,0.4,CNA,cna_db,higher,noise,N2,vs_best_single,18,-4.564138803993647,-10.383806350889696,-3.0370760659544196,9.999000099990002e-05,0.00029997000299970003
secondary,0.4,CNA,cna_db,higher,noise,N3,vs_method_i,18,0.8384310002444891,0.6161329392084685,2.808692254283632,9.999000099990002e-05,0.00029997000299970003
secondary,0.4,CNA,cna_db,higher,noise,N3,vs_method_j,18,-0.6717435069282987,-3.771579486231711,-0.3356961084125182,9.999000099990002e-05,0.00029997000299970003
secondary,0.4,CNA,cna_db,higher,noise,N3,vs_best_single,18,-28.193995616974817,-28.561950264875748,-26.385940433432147,9.999000099990002e-05,0.00029997000299970003
secondary,0.4,CNA,cna_db,higher,gamma,0.4,vs_method_i,36,2.3224176349662207,0.839241441627141,2.9897744265839945,9.999000099990002e-05,0.00029997000299970003
secondary,0.4,CNA,cna_db,higher,gamma,0.4,vs_method_j,36,-3.0868037698761315,-4.15747435058782,-0.6996797319640999,9.999000099990002e-05,0.00029997000299970003
secondary,0.4,CNA,cna_db,higher,gamma,0.4,vs_best_single,36,-25.82077980461002,-28.157806943162672,-7.925880019245756,9.999000099990002e-05,0.00029997000299970003
secondary,0.4,event_timing_median,event_timing_median_ms,lower,global,global,vs_method_i,54,0.0,0.0,0.0,1.0,1.0
secondary,0.4,event_timing_median,event_timing_median_ms,lower,global,global,vs_method_j,54,0.0,0.0,0.0,0.2515748425157484,0.53004699530047
secondary,0.4,event_timing_median,event_timing_median_ms,lower,global,global,vs_best_single,54,0.0,0.0,0.0,0.17668233176682333,0.53004699530047
secondary,0.4,event_timing_median,event_timing_median_ms,lower,model,M1,vs_method_i,27,0.0,0.0,0.0,0.5049495050494951,1.0
secondary,0.4,event_timing_median,event_timing_median_ms,lower,model,M1,vs_method_j,27,0.0,0.0,0.0,1.0,1.0
secondary,0.4,event_timing_median,event_timing_median_ms,lower,model,M1,vs_best_single,27,0.0,0.0,0.0,0.056694330566943306,0.1700829917008299
secondary,0.4,event_timing_median,event_timing_median_ms,lower,model,M2,vs_method_i,27,0.0,0.0,0.0,1.0,1.0
secondary,0.4,event_timing_median,event_timing_median_ms,lower,model,M2,vs_method_j,27,0.0,0.0,0.0,0.4978502149785021,1.0
secondary,0.4,event_timing_median,event_timing_median_ms,lower,model,M2,vs_best_single,27,0.0,0.0,0.0,1.0,1.0
secondary,0.4,event_timing_median,event_timing_median_ms,lower,noise,N1,vs_method_i,18,0.0,0.0,0.0,1.0,1.0
secondary,0.4,event_timing_median,event_timing_median_ms,lower,noise,N1,vs_method_j,18,0.0,0.0,0.0,1.0,1.0
secondary,0.4,event_timing_median,event_timing_median_ms,lower,noise,N1,vs_best_single,18,0.0,0.0,0.0,1.0,1.0
secondary,0.4,event_timing_median,event_timing_median_ms,lower,noise,N2,vs_method_i,18,0.0,0.0,0.0,1.0,1.0
secondary,0.4,event_timing_median,event_timing_median_ms,lower,noise,N2,vs_method_j,18,0.0,0.0,0.0,1.0,1.0
secondary,0.4,event_timing_median,event_timing_median_ms,lower,noise,N2,vs_best_single,18,0.0,0.0,0.0,1.0,1.0
secondary,0.4,event_timing_median,event_timing_median_ms,lower,noise,N3,vs_method_i,18,0.0,0.0,0.0,1.0,1.0
secondary,0.4,event_timing_median,event_timing_median_ms,lower,noise,N3,vs_method_j,18,0.0,0.0,0.0,1.0,1.0
secondary,0.4,event_timing_median,event_timing_median_ms,lower,noise,N3,vs_best_single,18,0.0,-0.9999999999999929,0.0,0.05929407059294071,0.17788221177882213
secondary,0.4,event_timing_median,event_timing_median_ms,lower,gamma,0.4,vs_method_i,54,0.0,0.0,0.0,1.0,1.0
secondary,0.4,event_timing_median,event_timing_median_ms,lower,gamma,0.4,vs_method_j,54,0.0,0.0,0.0,0.24567543245675433,0.5354464553544646
secondary,0.4,event_timing_median,event_timing_median_ms,lower,gamma,0.4,vs_best_single,54,0.0,0.0,0.0,0.17848215178482152,0.5354464553544646
secondary,0.4,event_energy_median,event_energy_median,lower,global,global,vs_method_i,54,-0.009992053582458036,-0.013171815095219096,-0.006872050543848715,9.999000099990002e-05,0.00029997000299970003
secondary,0.4,event_energy_median,event_energy_median,lower,global,global,vs_method_j,54,0.0038266152649374095,9.207520019911412e-07,0.00558993041062297,0.33056694330566944,0.33056694330566944
secondary,0.4,event_energy_median,event_energy_median,lower,global,global,vs_best_single,54,0.006194101759771991,9.207520019911412e-07,0.0271128765696981,0.1341865813418658,0.2683731626837316
secondary,0.4,event_energy_median,event_energy_median,lower,model,M1,vs_method_i,27,-0.011870479984563089,-0.016431696512164654,-0.008937721599133414,9.999000099990002e-05,0.00029997000299970003
secondary,0.4,event_energy_median,event_energy_median,lower,model,M1,vs_method_j,27,9.70773060628948e-07,2.93073560857679e-07,0.0037254731832390116,0.03189681031896811,0.06379362063793621
secondary,0.4,event_energy_median,event_energy_median,lower,model,M1,vs_best_single,27,9.5805804829605e-07,-0.005982915662920318,0.008662730336304969,0.15898410158984103,0.15898410158984103
secondary,0.4,event_energy_median,event_energy_median,lower,model,M2,vs_method_i,27,-0.007014990579539443,-0.015822307335575332,0.0003700195672726586,0.0015998400159984002,0.0047995200479952005
secondary,0.4,event_energy_median,event_energy_median,lower,model,M2,vs_method_j,27,0.02751167577480821,0.016270822123354615,0.03246053069247444,0.033996600339966,0.067993200679932
secondary,0.4,event_energy_median,event_energy_median,lower,model,M2,vs_best_single,27,0.02763434051397203,0.0027232891199607864,0.04199836499393306,0.6467353264673532,0.6467353264673532
secondary,0.4,event_energy_median,event_energy_median,lower,noise,N1,vs_method_i,18,-0.04542438040738345,-0.07179679573500894,-0.02963853061081643,9.999000099990002e-05,0.00029997000299970003
secondary,0.4,event_energy_median,event_energy_median,lower,noise,N1,vs_method_j,18,-0.003125886368267311,-0.06880929930968514,0.02922915415609036,0.14028597140285973,0.14028597140285973
secondary,0.4,event_energy_median,event_energy_median,lower,noise,N1,vs_best_single,18,-0.04542438040738345,-0.07288301148094394,-0.011819703394764293,0.007899210078992101,0.015798420157984203
secondary,0.4,event_energy_median,event_energy_median,lower,noise,N2,vs_method_i,18,-9.182733041091909e-07,-0.008423794462818494,-3.400048169809779e-07,0.15148485151484853,0.15148485151484853
secondary,0.4,event_energy_median,event_energy_median,lower,noise,N2,vs_method_j,18,0.01515844290433159,9.64415554462499e-07,0.03224931635749714,9.999000099990002e-05,0.00029997000299970003
secondary,0.4,event_energy_median,event_energy_median,lower,noise,N2,vs_best_single,18,0.01515844290433159,9.70773060628948e-07,0.03224931635749714,9.999000099990002e-05,0.00029997000299970003
secondary,0.4,event_energy_median,event_energy_median,lower,noise,N3,vs_method_i,18,-0.00810923732132907,-0.013072478828190397,0.00015111619336216978,0.0024997500249975004,0.004999500049995001
secondary,0.4,event_energy_median,event_energy_median,lower,noise,N3,vs_method_j,18,0.003977551767491337,-0.021327572266160694,0.004834006283394948,0.35706429357064295,0.35706429357064295
secondary,0.4,event_energy_median,event_energy_median,lower,noise,N3,vs_best_single,18,0.032092194117070705,0.010432455252077874,0.08568559069659065,0.00019998000199980003,0.0005999400059994001
secondary,0.4,event_energy_median,event_energy_median,lower,gamma,0.4,vs_method_i,54,-0.009992053582458036,-0.013171815095219096,-0.006872050543848715,9.999000099990002e-05,0.00029997000299970003
secondary,0.4,event_energy_median,event_energy_median,lower,gamma,0.4,vs_method_j,54,0.0038266152649374095,9.207520019911412e-07,0.00558993041062297,0.3361663833616638,0.3361663833616638
secondary,0.4,event_energy_median,event_energy_median,lower,gamma,0.4,vs_best_single,54,0.006194101759771991,9.207520019911412e-07,0.0271128765696981,0.1362863713628637,0.2725727427257274
secondary,0.5,ΔSNR,delta_snr_db,higher,global,global,vs_method_i,54,0.9555436923601546,0.6467058361477172,2.0877381252599294,9.999000099990002e-05,0.00029997000299970003
secondary,0.5,ΔSNR,delta_snr_db,higher,global,global,vs_method_j,54,-0.20243545828863851,-0.9970696503959706,-0.01751515237368556,0.3251674832516748,0.3251674832516748
secondary,0.5,ΔSNR,delta_snr_db,higher,global,global,vs_best_single,54,-2.9165677124361777,-5.473668413428118,-1.5117525723276204,9.999000099990002e-05,0.00029997000299970003
secondary,0.5,ΔSNR,delta_snr_db,higher,model,M1,vs_method_i,27,1.3036559622017343,0.45160671276689734,2.5487264528216453,0.0020997900209979003,0.004199580041995801
secondary,0.5,ΔSNR,delta_snr_db,higher,model,M1,vs_method_j,27,-0.19994168811513813,-1.1868903385447194,2.9549584810705376,0.2696730326967303,0.2696730326967303
secondary,0.5,ΔSNR,delta_snr_db,higher,model,M1,vs_best_single,27,-3.4334900374214623,-11.684493888721736,-1.3788977058331007,9.999000099990002e-05,0.00029997000299970003
secondary,0.5,ΔSNR,delta_snr_db,higher,model,M2,vs_method_i,27,0.8849413234857462,0.6455810270348739,2.111650366993011,9.999000099990002e-05,0.00029997000299970003
secondary,0.5,ΔSNR,delta_snr_db,higher,model,M2,vs_method_j,27,-0.21256623182361967,-1.4892232273652581,0.03666225036612397,0.7013298670132987,0.7013298670132987
secondary,0.5,ΔSNR,delta_snr_db,higher,model,M2,vs_best_single,27,-1.5870027821514263,-4.773410901085086,-0.6846783827933596,9.999000099990002e-05,0.00029997000299970003
secondary,0.5,ΔSNR,delta_snr_db,higher,noise,N1,vs_method_i,18,-0.4131131384043858,-1.3157107967477994,1.1341162252294499,0.7944205579442056,0.7944205579442056
secondary,0.5,ΔSNR,delta_snr_db,higher,noise,N1,vs_method_j,18,3.812413912916657,3.2911758454127895,4.170950470862053,9.999000099990002e-05,0.00029997000299970003
secondary,0.5,ΔSNR,delta_snr_db,higher,noise,N1,vs_best_single,18,-0.56221102998198,-1.2525238876624982,0.5989921691143527,0.20827917208279173,0.41655834416558346
secondary,0.5,ΔSNR,delta_snr_db,higher,noise,N2,vs_method_i,18,2.451348245059732,1.7088681111617587,4.007355912643532,9.999000099990002e-05,0.00029997000299970003
secondary,0.5,ΔSNR,delta_snr_db,higher,noise,N2,vs_method_j,18,-1.923895221942609,-3.4175232049816,-1.0625739259376399,9.999000099990002e-05,0.00029997000299970003
secondary,0.5,ΔSNR,delta_snr_db,higher,noise,N2,vs_best_single,18,-2.499653859715261,-3.554141512144403,-1.2899420474453454,0.00019998000199980003,0.00029997000299970003
secondary,0.5,ΔSNR,delta_snr_db,higher,noise,N3,vs_method_i,18,0.8042630487097027,0.4639629599632633,2.5677669084093635,9.999000099990002e-05,0.00029997000299970003
secondary,0.5,ΔSNR,delta_snr_db,higher,noise,N3,vs_method_j,18,-0.20243545828863851,-1.2436232500299917,-0.06444245529521186,9.999000099990002e-05,0.00029997000299970003
secondary,0.5,ΔSNR,delta_snr_db,higher,noise,N3,vs_best_single,18,-11.666344524051555,-13.120965537660954,-8.422971596361396,9.999000099990002e-05,0.00029997000299970003
secondary,0.5,ΔSNR,delta_snr_db,higher,gamma,0.5,vs_method_i,54,0.9555436923601546,0.6467058361477172,2.0877381252599294,9.999000099990002e-05,0.00029997000299970003
secondary,0.5,ΔSNR,delta_snr_db,higher,gamma,0.5,vs_method_j,54,-0.20243545828863851,-0.9970696503959706,-0.01751515237368556,0.33136686331366866,0.33136686331366866
secondary,0.5,ΔSNR,delta_snr_db,higher,gamma,0.5,vs_best_single,54,-2.9165677124361777,-5.473668413428118,-1.5117525723276204,9.999000099990002e-05,0.00029997000299970003
secondary,0.5,Lsig,lsig,lower,global,global,vs_method_i,54,-0.009382870832679895,-0.013465020348919426,-0.006662788662664433,0.00019998000199980003,0.0005999400059994001
secondary,0.5,Lsig,lsig,lower,global,global,vs_method_j,54,0.0032079063008099125,0.001233553952627758,0.0037649080966482467,0.09879012098790121,0.09879012098790121
secondary,0.5,Lsig,lsig,lower,global,global,vs_best_single,54,0.006037775113177185,0.0036276449715115155,0.01352737915996478,0.0005999400059994001,0.0011998800119988001
secondary,0.5,Lsig,lsig,lower,model,M1,vs_method_i,27,-0.0017605395079677679,-0.009617737414867938,1.2128926410377118e-08,0.6145385461453855,0.6145385461453855
secondary,0.5,Lsig,lsig,lower,model,M1,vs_method_j,27,-1.3860912176580395e-08,-0.0041419509784067065,0.003179071084734253,0.029697030296970302,0.059394060593940604
secondary,0.5,Lsig,lsig,lower,model,M1,vs_best_single,27,0.006365299194766805,-3.8847331698758124e-09,0.015669807042328385,9.999000099990002e-05,0.00029997000299970003
secondary,0.5,Lsig,lsig,lower,model,M2,vs_method_i,27,-0.014735297801995478,-0.01589092812079783,-0.008373593787547165,9.999000099990002e-05,0.00029997000299970003
secondary,0.5,Lsig,lsig,lower,model,M2,vs_method_j,27,0.004131555717413079,0.0034913758886806266,0.0058464335747926005,0.07489251074892511,0.14978502149785022
secondary,0.5,Lsig,lsig,lower,model,M2,vs_best_single,27,0.005710251031587566,0.00392762501989625,0.016078635850771707,0.1573842615738426,0.1573842615738426
secondary,0.5,Lsig,lsig,lower,noise,N1,vs_method_i,18,-0.004076987654415541,-0.021105587645790968,0.004032807783778538,0.2328767123287671,0.4657534246575342
secondary,0.5,Lsig,lsig,lower,noise,N1,vs_method_j,18,-0.005676342577431383,-0.04347249425069592,4.292074192886221e-05,0.006999300069993001,0.020997900209979003
secondary,0.5,Lsig,lsig,lower,noise,N1,vs_best_single,18,0.00042364951785164254,-0.0063938074783990995,0.009021752651051028,0.6124387561243876,0.6124387561243876
secondary,0.5,Lsig,lsig,lower,noise,N2,vs_method_i,18,-0.0038878718002334145,-0.013912318823387546,-3.0536839811779864e-09,0.000999900009999,0.0017998200179982003
secondary,0.5,Lsig,lsig,lower,noise,N2,vs_method_j,18,0.0034763932907922773,-8.872822673228103e-09,0.004670084975988902,0.0005999400059994001,0.0017998200179982003
secondary,0.5,Lsig,lsig,lower,noise,N2,vs_best_single,18,0.0034763932907922773,-8.872822673228103e-09,0.004933389098921565,0.0006999300069993001,0.0017998200179982003
secondary,0.5,Lsig,lsig,lower,noise,N3,vs_method_i,18,-0.012625745292452962,-0.014358567478168478,-0.009923745549011974,9.999000099990002e-05,0.00029997000299970003
secondary,0.5,Lsig,lsig,lower,noise,N3,vs_method_j,18,0.003694122006519574,0.0032079063008099125,0.004472356033702565,9.999000099990002e-05,0.00029997000299970003
secondary,0.5,Lsig,lsig,lower,noise,N3,vs_best_single,18,0.04073991489540299,0.013952779858957452,0.0783669380668968,9.999000099990002e-05,0.00029997000299970003
secondary,0.5,Lsig,lsig,lower,gamma,0.5,vs_method_i,54,-0.009382870832679895,-0.013465020348919426,-0.006662788662664433,0.00019998000199980003,0.0005999400059994001
secondary,0.5,Lsig,lsig,lower,gamma,0.5,vs_method_j,54,0.0032079063008099125,0.001233553952627758,0.0037649080966482467,0.1024897510248975,0.1024897510248975
secondary,0.5,Lsig,lsig,lower,gamma,0.5,vs_best_single,54,0.006037775113177185,0.0036276449715115155,0.01352737915996478,0.0004999500049995,0.000999900009999
secondary,0.5,CNA,cna_db,higher,global,global,vs_method_i,36,2.327963174051023,0.837620558861842,2.9958284918008102,9.999000099990002e-05,0.00029997000299970003
secondary,0.5,CNA,cna_db,higher,global,global,vs_method_j,36,-3.0945789681815965,-4.160421416290184,-0.6996797319640976,9.999000099990002e-05,0.00029997000299970003
secondary,0.5,CNA,cna_db,higher,global,global,vs_best_single,36,-25.8267448768795,-28.157673922548447,-7.931085780357796,9.999000099990002e-05,0.00029997000299970003
secondary,0.5,CNA,cna_db,higher,model,M1,vs_method_i,18,2.8984461267152,0.9409123496835133,4.38023255808935,9.999000099990002e-05,0.00029997000299970003
secondary,0.5,CNA,cna_db,higher,model,M1,vs_method_j,18,-4.1487950856688105,-10.416115776156616,-0.8402859022725053,9.999000099990002e-05,0.00029997000299970003
secondary,0.5,CNA,cna_db,higher,model,M1,vs_best_single,18,-27.31340357146194,-28.772130999762474,-10.598369082533326,9.999000099990002e-05,0.00029997000299970003
secondary,0.5,CNA,cna_db,higher,model,M2,vs_method_i,18,1.445737052472779,0.689532460006373,2.815642592724583,9.999000099990002e-05,0.00029997000299970003
secondary,0.5,CNA,cna_db,higher,model,M2,vs_method_j,18,-1.559385573433435,-3.5821449774738623,-0.6463113467697028,9.999000099990002e-05,0.00029997000299970003
secondary,0.5,CNA,cna_db,higher,model,M2,vs_best_single,18,-13.948679402503641,-27.31733692875126,-3.044851264259884,9.999000099990002e-05,0.00029997000299970003
secondary,0.5,CNA,cna_db,higher,noise,N1,vs_method_i,0,,,,,
secondary,0.5,CNA,cna_db,higher,noise,N1,vs_method_j,0,,,,,
secondary,0.5,CNA,cna_db,higher,noise,N1,vs_best_single,0,,,,,
secondary,0.5,CNA,cna_db,higher,noise,N2,vs_method_i,18,3.5560129244819905,2.0446975270605403,5.842014103254307,9.999000099990002e-05,0.00029997000299970003
secondary,0.5,CNA,cna_db,higher,noise,N2,vs_method_j,18,-7.171593339673501,-23.080554520021998,-2.690820423113391,0.00019998000199980003,0.00029997000299970003
secondary,0.5,CNA,cna_db,higher,noise,N2,vs_best_single,18,-4.545715996437144,-10.416115776156616,-3.0945789681815965,9.999000099990002e-05,0.00029997000299970003
secondary,0.5,CNA,cna_db,higher,noise,N3,vs_method_i,18,0.8374878241993498,0.6159917200287682,2.815642592724583,9.999000099990002e-05,0.00029997000299970003
secondary,0.5,CNA,cna_db,higher,noise,N3,vs_method_j,18,-0.6703387181127942,-3.5821449774738623,-0.34195844716965834,9.999000099990002e-05,0.00029997000299970003
secondary,0.5,CNA,cna_db,higher,noise,N3,vs_best_single,18,-28.195165391015287,-28.562587403475924,-26.394150283441753,9.999000099990002e-05,0.00029997000299970003
secondary,0.5,CNA,cna_db,higher,gamma,0.5,vs_method_i,36,2.327963174051023,0.837620558861842,2.9958284918008102,9.999000099990002e-05,0.00029997000299970003
secondary,0.5,CNA,cna_db,higher,gamma,0.5,vs_method_j,36,-3.0945789681815965,-4.160421416290184,-0.6996797319640976,9.999000099990002e-05,0.00029997000299970003
secondary,0.5,CNA,cna_db,higher,gamma,0.5,vs_best_single,36,-25.8267448768795,-28.157673922548447,-7.965492417017286,9.999000099990002e-05,0.00029997000299970003
secondary,0.5,event_timing_median,event_timing_median_ms,lower,global,global,vs_method_i,54,0.0,0.0,0.0,1.0,1.0
secondary,0.5,event_timing_median,event_timing_median_ms,lower,global,global,vs_method_j,54,0.0,0.0,0.0,0.5026497350264973,1.0
secondary,0.5,event_timing_median,event_timing_median_ms,lower,global,global,vs_best_single,54,0.0,0.0,0.0,0.18448155184481552,0.5534446555344466
secondary,0.5,event_timing_median,event_timing_median_ms,lower,model,M1,vs_method_i,27,0.0,0.0,0.0,0.5046495350464953,1.0
secondary,0.5,event_timing_median,event_timing_median_ms,lower,model,M1,vs_method_j,27,0.0,0.0,0.0,1.0,1.0
secondary,0.5,event_timing_median,event_timing_median_ms,lower,model,M1,vs_best_single,27,0.0,0.0,0.0,0.059394060593940604,0.17818218178182182
secondary,0.5,event_timing_median,event_timing_median_ms,lower,model,M2,vs_method_i,27,0.0,0.0,0.0,1.0,1.0
secondary,0.5,event_timing_median,event_timing_median_ms,lower,model,M2,vs_method_j,27,0.0,0.0,0.0,1.0,1.0
secondary,0.5,event_timing_median,event_timing_median_ms,lower,model,M2,vs_best_single,27,0.0,0.0,0.0,1.0,1.0
secondary,0.5,event_timing_median,event_timing_median_ms,lower,noise,N1,vs_method_i,18,0.0,0.0,0.0,1.0,1.0
secondary,0.5,event_timing_median,event_timing_median_ms,lower,noise,N1,vs_method_j,18,0.0,0.0,0.0,1.0,1.0
secondary,0.5,event_timing_median,event_timing_median_ms,lower,noise,N1,vs_best_single,18,0.0,0.0,0.0,1.0,1.0
secondary,0.5,event_timing_median,event_timing_median_ms,lower,noise,N2,vs_method_i,18,0.0,0.0,0.0,1.0,1.0
secondary,0.5,event_timing_median,event_timing_median_ms,lower,noise,N2,vs_method_j,18,0.0,0.0,0.0,1.0,1.0
secondary,0.5,event_timing_median,event_timing_median_ms,lower,noise,N2,vs_best_single,18,0.0,0.0,0.0,1.0,1.0
secondary,0.5,event_timing_median,event_timing_median_ms,lower,noise,N3,vs_method_i,18,0.0,0.0,0.0,1.0,1.0
secondary,0.5,event_timing_median,event_timing_median_ms,lower,noise,N3,vs_method_j,18,0.0,0.0,0.0,1.0,1.0
secondary,0.5,event_timing_median,event_timing_median_ms,lower,noise,N3,vs_best_single,18,0.0,-0.9999999999999929,0.0,0.0660933906609339,0.19828017198280173
secondary,0.5,event_timing_median,event_timing_median_ms,lower,gamma,0.5,vs_method_i,54,0.0,0.0,0.0,1.0,1.0
secondary,0.5,event_timing_median,event_timing_median_ms,lower,gamma,0.5,vs_method_j,54,0.0,0.0,0.0,0.5022497750224978,1.0
secondary,0.5,event_timing_median,event_timing_median_ms,lower,gamma,0.5,vs_best_single,54,0.0,0.0,0.0,0.17948205179482052,0.5384461553844615
secondary,0.5,event_energy_median,event_energy_median,lower,global,global,vs_method_i,54,-0.009992053582457817,-0.01316613470504958,-0.006930785990460306,9.999000099990002e-05,0.00029997000299970003
secondary,0.5,event_energy_median,event_energy_median,lower,global,global,vs_method_j,54,0.0038587925016471208,9.207520019911412e-07,0.005596609429280389,0.33586641335866413,0.33586641335866413
secondary,0.5,event_energy_median,event_energy_median,lower,global,global,vs_best_single,54,0.006226278996481784,9.207520019911412e-07,0.02698234638009464,0.13878612138786123,0.27757224277572246
secondary,0.5,event_energy_median,event_energy_median,lower,model,M1,vs_method_i,27,-0.011870479984562816,-0.016418338474849817,-0.008920199889708,9.999000099990002e-05,0.00029997000299970003
secondary,0.5,event_energy_median,event_energy_median,lower,model,M1,vs_method_j,27,9.849613313566978e-07,2.9155595261325416e-07,0.0037898276566586007,0.032996700329967,0.065993400659934
secondary,0.5,event_energy_median,event_energy_median,lower,model,M1,vs_best_single,27,9.5805804829605e-07,-0.005983996567353222,0.008662730336304969,0.1518848115188481,0.1518848115188481
secondary,0.5,event_energy_median,event_energy_median,lower,model,M2,vs_method_i,27,-0.007014990579539162,-0.016135338647973327,0.0005129285537516376,0.0015998400159984002,0.0047995200479952005
secondary,0.5,event_energy_median,event_energy_median,lower,model,M2,vs_method_j,27,0.02703321440973922,0.016132570153356857,0.032460530692474704,0.0306969303069693,0.0613938606139386
secondary,0.5,event_energy_median,event_energy_median,lower,model,M2,vs_best_single,27,0.02745642110555049,0.0027232891199609165,0.0419250889196902,0.6535346465353464,0.6535346465353464
secondary,0.5,event_energy_median,event_energy_median,lower,noise,N1,vs_method_i,18,-0.045663611089918635,-0.07287871837785945,-0.029809805142076866,9.999000099990002e-05,0.00029997000299970003
secondary,0.5,event_energy_median,event_energy_median,lower,noise,N1,vs_method_j,18,-0.003128128640826225,-0.06870573095157538,0.028942069231256393,0.1354864513548645,0.1354864513548645
secondary,0.5,event_energy_median,event_energy_median,lower,noise,N1,vs_best_single,18,-0.045663611089918635,-0.07287871837785945,-0.011870479984562816,0.007399260073992601,0.014798520147985201
secondary,0.5,event_energy_median,event_energy_median,lower,noise,N2,vs_method_i,18,-9.11179168745316e-07,-0.00849937488789091,-3.361047374155725e-07,0.147985201479852,0.147985201479852
secondary,0.5,event_energy_median,event_energy_median,lower,noise,N2,vs_method_j,18,0.015149049655648695,9.715096898263738e-07,0.03224931635749754,9.999000099990002e-05,0.00029997000299970003
secondary,0.5,event_energy_median,event_energy_median,lower,noise,N2,vs_best_single,18,0.015149049655648695,9.715096898263738e-07,0.03224931635749754,9.999000099990002e-05,0.00029997000299970003
secondary,0.5,event_energy_median,event_energy_median,lower,noise,N3,vs_method_i,18,-0.00810923732132893,-0.01316613470504958,-6.778718054873539e-05,0.0026997300269973002,0.0053994600539946005
secondary,0.5,event_energy_median,event_energy_median,lower,noise,N3,vs_method_j,18,0.00397755176749108,-0.024063544533057743,0.004839287392095104,0.34236576342365765,0.34236576342365765
secondary,0.5,event_energy_median,event_energy_median,lower,noise,N3,vs_best_single,18,0.032092194117070594,0.010351864146313361,0.08578243090000612,9.999000099990002e-05,0.00029997000299970003
secondary,0.5,event_energy_median,event_energy_median,lower,gamma,0.5,vs_method_i,54,-0.009992053582457817,-0.01316613470504958,-0.006930785990460306,9.999000099990002e-05,0.00029997000299970003
secondary,0.5,event_energy_median,event_energy_median,lower,gamma,0.5,vs_method_j,54,0.0038587925016471208,9.207520019911412e-07,0.005596609429280389,0.33036696330366966,0.33036696330366966
secondary,0.5,event_energy_median,event_energy_median,lower,gamma,0.5,vs_best_single,54,0.006226278996481784,9.207520019911412e-07,0.02698234638009464,0.1396860313968603,0.2793720627937206
secondary,0.6,ΔSNR,delta_snr_db,higher,global,global,vs_method_i,54,0.9567409864406606,0.6467058361477194,2.0937147402026506,9.999000099990002e-05,0.00029997000299970003
secondary,0.6,ΔSNR,delta_snr_db,higher,global,global,vs_method_j,54,-0.20279705121736624,-0.9596523164420887,-0.011195037109392486,0.32626737326267374,0.32626737326267374
secondary,0.6,ΔSNR,delta_snr_db,higher,global,global,vs_best_single,54,-2.9308298758552582,-5.464204158938489,-1.5028716103303799,9.999000099990002e-05,0.00029997000299970003
secondary,0.6,ΔSNR,delta_snr_db,higher,model,M1,vs_method_i,27,1.3032367484260803,0.4514588489119489,2.545656792203337,0.0034996500349965005,0.006999300069993001
secondary,0.6,ΔSNR,delta_snr_db,higher,model,M1,vs_method_j,27,-0.2006648739725989,-1.1946498395240628,2.9549584810705767,0.2612738726127387,0.2612738726127387
secondary,0.6,ΔSNR,delta_snr_db,higher,model,M1,vs_best_single,27,-3.462324182102199,-11.685837998382354,-1.3788977058330607,9.999000099990002e-05,0.00029997000299970003
secondary,0.6,ΔSNR,delta_snr_db,higher,model,M2,vs_method_i,27,0.887335911646705,0.6455810270348765,2.123603596878448,9.999000099990002e-05,0.00029997000299970003
secondary,0.6,ΔSNR,delta_snr_db,higher,model,M2,vs_method_j,27,-0.21256623182361434,-1.4667736291641766,0.03721561700966547,0.6811318868113189,0.6811318868113189
secondary,0.6,ΔSNR,delta_snr_db,higher,model,M2,vs_best_single,27,-1.5619521674951073,-4.761787328639576,-0.6727251529079226,9.999000099990002e-05,0.00029997000299970003
secondary,0.6,ΔSNR,delta_snr_db,higher,noise,N1,vs_method_i,18,-0.41452719325504095,-1.3159998637622023,1.0288657600922453,0.7991200879912009,0.7991200879912009
secondary,0.6,ΔSNR,delta_snr_db,higher,noise,N1,vs_method_j,18,3.811757058127464,3.2909662385249847,4.16831756674433,9.999000099990002e-05,0.00029997000299970003
secondary,0.6,ΔSNR,delta_snr_db,higher,noise,N1,vs_best_single,18,-0.5622110299819347,-1.253102021691344,0.5992234321559113,0.2081791820817918,0.4163583641635836
secondary,0.6,ΔSNR,delta_snr_db,higher,noise,N2,vs_method_i,18,2.4604017768275392,1.7124906758496294,3.9703487568904947,9.999000099990002e-05,0.00029997000299970003
secondary,0.6,ΔSNR,delta_snr_db,higher,noise,N2,vs_method_j,18,-1.8921719157885866,-3.444719539018587,-1.0625739259376266,0.00019998000199980003,0.00029997000299970003
secondary,0.6,ΔSNR,delta_snr_db,higher,noise,N2,vs_best_single,18,-2.4992277753734795,-3.5400907765230256,-1.3262054534636345,9.999000099990002e-05,0.00029997000299970003
secondary,0.6,ΔSNR,delta_snr_db,higher,noise,N3,vs_method_i,18,0.8038441500879436,0.46416571135755985,2.545656792203337,9.999000099990002e-05,0.00029997000299970003
secondary,0.6,ΔSNR,delta_snr_db,higher,noise,N3,vs_method_j,18,-0.20279705121736624,-1.2501660513953459,-0.06456055398294899,0.00019998000199980003,0.00029997000299970003
secondary,0.6,ΔSNR,delta_snr_db,higher,noise,N3,vs_best_single,18,-11.670084639612389,-12.984221050155767,-8.52313747483008,9.999000099990002e-05,0.00029997000299970003
secondary,0.6,ΔSNR,delta_snr_db,higher,gamma,0.6,vs_method_i,54,0.9567409864406606,0.6467058361477194,2.064573104943737,9.999000099990002e-05,0.00029997000299970003
secondary,0.6,ΔSNR,delta_snr_db,higher,gamma,0.6,vs_method_j,54,-0.20279705121736624,-0.99706965039596,-0.011195037109392486,0.31656834316568344,0.31656834316568344
secondary,0.6,ΔSNR,delta_snr_db,higher,gamma,0.6,vs_best_single,54,-2.9308298758552582,-5.464204158938489,-1.5028716103303799,9.999000099990002e-05,0.00029997000299970003
secondary,0.6,Lsig,lsig,lower,global,global,vs_method_i,54,-0.00935048247722181,-0.013528809305159421,-0.006618760778389129,0.00019998000199980003,0.0005999400059994001
secondary,0.6,Lsig,lsig,lower,global,global,vs_method_j,54,0.003215824488935542,0.0011931662926271507,0.003699765281018331,0.1024897510248975,0.1024897510248975
secondary,0.6,Lsig,lsig,lower,global,global,vs_best_single,54,0.006045404784556287,0.0035619975041122336,0.013488410236980308,0.00039996000399960006,0.0007999200079992001
secondary,0.6,Lsig,lsig,lower,model,M1,vs_method_i,27,-0.0017604177883048413,-0.009617737414867947,1.1774050221259142e-08,0.6062393760623938,0.6062393760623938
secondary,0.6,Lsig,lsig,lower,model,M1,vs_method_j,27,-1.3957779004130537e-08,-0.0041419509784067065,0.0031790710847342113,0.029997000299970003,0.059994000599940006
secondary,0.6,Lsig,lsig,lower,model,M1,vs_best_single,27,0.006380558537524974,-3.892624717787953e-09,0.015669807042328232,9.999000099990002e-05,0.00029997000299970003
secondary,0.6,Lsig,lsig,lower,model,M2,vs_method_i,27,-0.014735297801995444,-0.015918792476520147,-0.008402392539973186,9.999000099990002e-05,0.00029997000299970003
secondary,0.6,Lsig,lsig,lower,model,M2,vs_method_j,27,0.00413155571741311,0.003411271492476569,0.00581763482236658,0.07689231076892311,0.15378462153784622
secondary,0.6,Lsig,lsig,lower,model,M2,vs_best_single,27,0.0057102510315876,0.0038487170834041323,0.01607863585077174,0.16378362163783622,0.16378362163783622
secondary,0.6,Lsig,lsig,lower,noise,N1,vs_method_i,18,-0.0041108796747369196,-0.021153451954844957,0.004040437455157602,0.24087591240875914,0.48175182481751827
secondary,0.6,Lsig,lsig,lower,noise,N1,vs_method_j,18,-0.005674728905488294,-0.04346486457931685,-7.53086210499819e-05,0.008099190080991902,0.024297570242975707
secondary,0.6,Lsig,lsig,lower,noise,N1,vs_best_single,18,0.0004246926449472735,-0.006304087400188521,0.009032422566073037,0.6107389261073892,0.6107389261073892
secondary,0.6,Lsig,lsig,lower,noise,N2,vs_method_i,18,-0.0039048909178734416,-0.013932217527742999,-3.0362302423772325e-09,0.0004999500049995,0.000999900009999
secondary,0.6,Lsig,lsig,lower,noise,N2,vs_method_j,18,0.0034748171675552347,-3.892624717787953e-09,0.004670084975988934,0.00019998000199980003,0.0005999400059994001
secondary,0.6,Lsig,lsig,lower,noise,N2,vs_best_single,18,0.0034748171675552347,-3.892624717787953e-09,0.0049452327895104006,0.0005999400059994001,0.000999900009999
secondary,0.6,Lsig,lsig,lower,noise,N3,vs_method_i,18,-0.012655765196941293,-0.014425309513319742,-0.009920589804707537,9.999000099990002e-05,0.00029997000299970003
secondary,0.6,Lsig,lsig,lower,noise,N3,vs_method_j,18,0.003709478739841921,0.003217413418103429,0.004481584474178346,0.00019998000199980003,0.00029997000299970003
secondary,0.6,Lsig,lsig,lower,noise,N3,vs_best_single,18,0.040704394660818086,0.013488410236980308,0.07922817715428468,9.999000099990002e-05,0.00029997000299970003
secondary,0.6,Lsig,lsig,lower,gamma,0.6,vs_method_i,54,-0.00935048247722181,-0.013528809305159421,-0.006618760778389129,9.999000099990002e-05,0.00029997000299970003
secondary,0.6,Lsig,lsig,lower,gamma,0.6,vs_method_j,54,0.003215824488935542,0.0011931662926271507,0.003699765281018331,0.100989901009899,0.100989901009899
secondary,0.6,Lsig,lsig,lower,gamma,0.6,vs_best_single,54,0.006045404784556287,0.0035619975041122336,0.013488410236980308,0.00029997000299970003,0.0005999400059994001
secondary,0.6,CNA,cna_db,higher,global,global,vs_method_i,36,2.333725427407529,0.837620558861849,3.0022584557604404,9.999000099990002e-05,0.00029997000299970003
secondary,0.6,CNA,cna_db,higher,global,global,vs_method_j,36,-3.102712004355016,-4.154882809574925,-0.6996797319640919,9.999000099990002e-05,0.00029997000299970003
secondary,0.6,CNA,cna_db,higher,global,global,vs_best_single,36,-25.832895018779215,-28.157531457180685,-7.936201115076273,9.999000099990002e-05,0.00029997000299970003
secondary,0.6,CNA,cna_db,higher,model,M1,vs_method_i,18,2.896034403207085,1.0426272701659909,4.362838612878756,9.999000099990002e-05,0.00029997000299970003
secondary,0.6,CNA,cna_db,higher,model,M1,vs_method_j,18,-4.154882809574925,-10.449102241690895,-0.8464634948822974,9.999000099990002e-05,0.00029997000299970003
secondary,0.6,CNA,cna_db,higher,model,M1,vs_best_single,18,-27.319571035412636,-28.773371922612,-10.775328101580268,9.999000099990002e-05,0.00029997000299970003
secondary,0.6,CNA,cna_db,higher,model,M2,vs_method_i,18,1.4380892144858817,0.6895324600063758,2.8229753981497363,9.999000099990002e-05,0.00029997000299970003
secondary,0.6,CNA,cna_db,higher,model,M2,vs_method_j,18,-1.5560498654022688,-3.7605828590711314,-0.6455683131514671,9.999000099990002e-05,0.00029997000299970003
secondary,0.6,CNA,cna_db,higher,model,M2,vs_best_single,18,-13.934499922903617,-27.307415582655107,-3.0529843004333035,9.999000099990002e-05,0.00029997000299970003
secondary,0.6,CNA,cna_db,higher,noise,N1,vs_method_i,0,,,,,
secondary,0.6,CNA,cna_db,higher,noise,N1,vs_method_j,0,,,,,
secondary,0.6,CNA,cna_db,higher,noise,N1,vs_best_single,0,,,,,
secondary,0.6,CNA,cna_db,higher,noise,N2,vs_method_i,18,3.527279797757409,2.05379548844821,5.831688526609902,9.999000099990002e-05,0.00029997000299970003
secondary,0.6,CNA,cna_db,higher,noise,N2,vs_method_j,18,-7.188086572440637,-22.886613708682596,-2.7070864954602314,9.999000099990002e-05,0.00029997000299970003
secondary,0.6,CNA,cna_db,higher,noise,N2,vs_best_single,18,-4.526445286905543,-10.449102241690895,-3.0529843004333035,9.999000099990002e-05,0.00029997000299970003
secondary,0.6,CNA,cna_db,higher,noise,N3,vs_method_i,18,0.8365231896920091,0.6158486125524594,2.8229753981497363,9.999000099990002e-05,0.00029997000299970003
secondary,0.6,CNA,cna_db,higher,noise,N3,vs_method_j,18,-0.6688768043960025,-3.7605828590711314,-0.33684986469925243,9.999000099990002e-05,0.00029997000299970003
secondary,0.6,CNA,cna_db,higher,noise,N3,vs_best_single,18,-28.196367963024926,-28.563243801666054,-26.40393760195611,9.999000099990002e-05,0.00029997000299970003
secondary,0.6,CNA,cna_db,higher,gamma,0.6,vs_method_i,36,2.333725427407529,0.837620558861849,3.0022584557604404,9.999000099990002e-05,0.00029997000299970003
secondary,0.6,CNA,cna_db,higher,gamma,0.6,vs_method_j,36,-3.102712004355016,-4.154882809574925,-0.6996797319640919,9.999000099990002e-05,0.00029997000299970003
secondary,0.6,CNA,cna_db,higher,gamma,0.6,vs_best_single,36,-25.832895018779215,-28.157531457180685,-7.936201115076273,9.999000099990002e-05,0.00029997000299970003
secondary,0.6,event_timing_median,event_timing_median_ms,lower,global,global,vs_method_i,54,0.0,0.0,0.0,1.0,1.0
secondary,0.6,event_timing_median,event_timing_median_ms,lower,global,global,vs_method_j,54,0.0,0.0,0.0,0.508049195080492,1.0
secondary,0.6,event_timing_median,event_timing_median_ms,lower,global,global,vs_best_single,54,0.0,0.0,0.0,0.17998200179982002,0.53994600539946
secondary,0.6,event_timing_median,event_timing_median_ms,lower,model,M1,vs_method_i,27,0.0,0.0,0.0,0.5033496650334967,1.0
secondary,0.6,event_timing_median,event_timing_median_ms,lower,model,M1,vs_method_j,27,0.0,0.0,0.0,1.0,1.0
secondary,0.6,event_timing_median,event_timing_median_ms,lower,model,M1,vs_best_single,27,0.0,0.0,0.0,0.06189381061893811,0.18568143185681432
secondary,0.6,event_timing_median,event_timing_median_ms,lower,model,M2,vs_method_i,27,0.0,0.0,0.0,1.0,1.0
secondary,0.6,event_timing_median,event_timing_median_ms,lower,model,M2,vs_method_j,27,0.0,0.0,0.0,1.0,1.0
secondary,0.6,event_timing_median,event_timing_median_ms,lower,model,M2,vs_best_single,27,0.0,0.0,0.0,1.0,1.0
secondary,0.6,event_timing_median,event_timing_median_ms,lower,noise,N1,vs_method_i,18,0.0,0.0,0.0,1.0,1.0
secondary,0.6,event_timing_median,event_timing_median_ms,lower,noise,N1,vs_method_j,18,0.0,0.0,0.0,1.0,1.0
secondary,0.6,event_timing_median,event_timing_median_ms,lower,noise,N1,vs_best_single,18,0.0,0.0,0.0,1.0,1.0
secondary,0.6,event_timing_median,event_timing_median_ms,lower,noise,N2,vs_method_i,18,0.0,0.0,0.0,1.0,1.0
secondary,0.6,event_timing_median,event_timing_median_ms,lower,noise,N2,vs_method_j,18,0.0,0.0,0.0,1.0,1.0
secondary,0.6,event_timing_median,event_timing_median_ms,lower,noise,N2,vs_best_single,18,0.0,0.0,0.0,1.0,1.0
secondary,0.6,event_timing_median,event_timing_median_ms,lower,noise,N3,vs_method_i,18,0.0,0.0,0.0,1.0,1.0
secondary,0.6,event_timing_median,event_timing_median_ms,lower,noise,N3,vs_method_j,18,0.0,0.0,0.0,1.0,1.0
secondary,0.6,event_timing_median,event_timing_median_ms,lower,noise,N3,vs_best_single,18,0.0,-0.9999999999999929,0.0,0.06109389061093891,0.18328167183281674
secondary,0.6,event_timing_median,event_timing_median_ms,lower,gamma,0.6,vs_method_i,54,0.0,0.0,0.0,1.0,1.0
secondary,0.6,event_timing_median,event_timing_median_ms,lower,gamma,0.6,vs_method_j,54,0.0,0.0,0.0,0.49125087491250874,0.9825017498250175
secondary,0.6,event_timing_median,event_timing_median_ms,lower,gamma,0.6,vs_best_single,54,0.0,0.0,0.0,0.17298270172982702,0.5189481051894811
secondary,0.6,event_energy_median,event_energy_median,lower,global,global,vs_method_i,54,-0.009992053582457574,-0.013160371769641308,-0.006991175808793992,9.999000099990002e-05,0.00029997000299970003
secondary,0.6,event_energy_median,event_energy_median,lower,global,global,vs_method_j,54,0.0038923717656850552,9.207520019911412e-07,0.005603408795231771,0.3247675232476752,0.3247675232476752
secondary,0.6,event_energy_median,event_energy_median,lower,global,global,vs_best_single,54,0.006259858260519816,9.207520019911412e-07,0.026847677450499718,0.1377862213778622,0.2755724427557244
secondary,0.6,event_energy_median,event_energy_median,lower,model,M1,vs_method_i,27,-0.01187047998456268,-0.016404739742947053,-0.008902062742652877,9.999000099990002e-05,0.00029997000299970003
secondary,0.6,event_energy_median,event_energy_median,lower,model,M1,vs_method_j,27,9.995562352884406e-07,2.899140881595423e-07,0.003856986184734664,0.033096690330966905,0.06619338066193381
secondary,0.6,event_energy_median,event_energy_median,lower,model,M1,vs_best_single,27,9.5805804829605e-07,-0.0059850860043757035,0.008662730336304969,0.14998500149985,0.14998500149985
secondary,0.6,event_energy_median,event_energy_median,lower,model,M2,vs_method_i,27,-0.007014990579538881,-0.016455185541954867,0.0006596616576611813,0.0018998100189981002,0.005699430056994301
secondary,0.6,event_energy_median,event_energy_median,lower,model,M2,vs_method_j,27,0.02654603130450111,0.015990011211904933,0.03246053069247509,0.03469653034696531,0.06939306069393061
secondary,0.6,event_energy_median,event_energy_median,lower,model,M2,vs_best_single,27,0.02727279660105848,0.0027232891199614378,0.041848895805034404,0.6598340165983402,0.6598340165983402
secondary,0.6,event_energy_median,event_energy_median,lower,noise,N1,vs_method_i,18,-0.04590720264253838,-0.07287439801045834,-0.03128069402335487,9.999000099990002e-05,0.00029997000299970003
secondary,0.6,event_energy_median,event_energy_median,lower,noise,N1,vs_method_j,18,-0.0031303971514993053,-0.06948715101274125,0.029298212421552446,0.13998600139986,0.13998600139986
secondary,0.6,event_energy_median,event_energy_median,lower,noise,N1,vs_best_single,18,-0.04590720264253838,-0.07287439801045834,-0.00984256503270946,0.0066993300669933005,0.013398660133986601
secondary,0.6,event_energy_median,event_energy_median,lower,noise,N2,vs_method_i,18,-9.038817167794446e-07,-0.008490306314363212,-3.3214786214571634e-07,0.1463853614638536,0.1463853614638536
secondary,0.6,event_energy_median,event_energy_median,lower,noise,N2,vs_method_j,18,0.01513977224233781,9.788071417922454e-07,0.032354923524986506,9.999000099990002e-05,0.00029997000299970003
secondary,0.6,event_energy_median,event_energy_median,lower,noise,N2,vs_best_single,18,0.01513977224233781,9.995562352884406e-07,0.03224931635749793,9.999000099990002e-05,0.00029997000299970003
secondary,0.6,event_energy_median,event_energy_median,lower,noise,N3,vs_method_i,18,-0.008109237321328788,-0.012910294026361895,0.00029593723855608073,0.0025997400259974,0.0051994800519948
secondary,0.6,event_energy_median,event_energy_median,lower,noise,N3,vs_method_j,18,0.003977551767490983,-0.02132757226616059,0.004880956960310101,0.3528647135286471,0.3528647135286471
secondary,0.6,event_energy_median,event_energy_median,lower,noise,N3,vs_best_single,18,0.032092194117070705,0.010981943010683833,0.08588364279371896,0.00029997000299970003,0.0008999100089991002
secondary,0.6,event_energy_median,event_energy_median,lower,gamma,0.6,vs_method_i,54,-0.009992053582457574,-0.013160371769641308,-0.006991175808793992,9.999000099990002e-05,0.00029997000299970003
secondary,0.6,event_energy_median,event_energy_median,lower,gamma,0.6,vs_method_j,54,0.0038923717656850552,9.207520019911412e-07,0.005603408795231771,0.3320667933206679,0.3320667933206679
secondary,0.6,event_energy_median,event_energy_median,lower,gamma,0.6,vs_best_single,54,0.006259858260519816,9.207520019911412e-07,0.026847677450499718,0.14188581141885812,0.28377162283771623
