pair,method_a,method_b,metric,stratum,stratum_key,n_obs,value
fk_filter|fx_deconv,fk_filter,fx_deconv,M1,global,global,270,0.7411845314230756
fk_filter|fx_deconv,fk_filter,fx_deconv,M1,model,M1,135,0.7380998462645235
fk_filter|fx_deconv,fk_filter,fx_deconv,M1,model,M2,135,0.7422451250849109
fk_filter|fx_deconv,fk_filter,fx_deconv,M1,noise,N1,90,0.7411845314230756
fk_filter|fx_deconv,fk_filter,fx_deconv,M1,noise,N2,90,0.17545259960225396
fk_filter|fx_deconv,fk_filter,fx_deconv,M1,noise,N3,90,0.8377281787743971
fk_filter|fx_deconv,fk_filter,fx_deconv,M1,level,L1,90,0.7427650487616024
fk_filter|fx_deconv,fk_filter,fx_deconv,M1,level,L2,90,0.7442438962252068
fk_filter|fx_deconv,fk_filter,fx_deconv,M1,level,L3,90,0.7338801529741932
fk_filter|fx_deconv,fk_filter,fx_deconv,M1,f_main,15,90,0.7008882281996667
fk_filter|fx_deconv,fk_filter,fx_deconv,M1,f_main,25,90,0.7411845314230756
fk_filter|fx_deconv,fk_filter,fx_deconv,M1,f_main,40,90,0.7808659922614083
fk_filter|fx_deconv,fk_filter,fx_deconv,M1,model_x_noise,M1_N1,45,0.7380998462645235
fk_filter|fx_deconv,fk_filter,fx_deconv,M1,model_x_noise,M1_N2,45,0.07029203227677805
fk_filter|fx_deconv,fk_filter,fx_deconv,M1,model_x_noise,M1_N3,45,0.8415074393518813
fk_filter|fx_deconv,fk_filter,fx_deconv,M1,model_x_noise,M2_N1,45,0.7422451250849109
fk_filter|fx_deconv,fk_filter,fx_deconv,M1,model_x_noise,M2_N2,45,0.22879724219941888
fk_filter|fx_deconv,fk_filter,fx_deconv,M1,model_x_noise,M2_N3,45,0.8254952973714416
fk_filter|fx_deconv,fk_filter,fx_deconv,M1_signed,global,global,270,0.7411845314230756
fk_filter|fx_deconv,fk_filter,fx_deconv,M1_signed,model,M1,135,0.7380998462645235
fk_filter|fx_deconv,fk_filter,fx_deconv,M1_signed,model,M2,135,0.7422451250849109
fk_filter|fx_deconv,fk_filter,fx_deconv,M1_signed,noise,N1,90,0.7411845314230756
fk_filter|fx_deconv,fk_filter,fx_deconv,M1_signed,noise,N2,90,0.17545259960225396
fk_filter|fx_deconv,fk_filter,fx_deconv,M1_signed,noise,N3,90,0.8377281787743971
fk_filter|fx_deconv,fk_filter,fx_deconv,M1_signed,level,L1,90,0.7427650487616024
fk_filter|fx_deconv,fk_filter,fx_deconv,M1_signed,level,L2,90,0.7442438962252068
fk_filter|fx_deconv,fk_filter,fx_deconv,M1_signed,level,L3,90,0.7338801529741932
fk_filter|fx_deconv,fk_filter,fx_deconv,M1_signed,f_main,15,90,0.7008882281996667
fk_filter|fx_deconv,fk_filter,fx_deconv,M1_signed,f_main,25,90,0.7411845314230756
fk_filter|fx_deconv,fk_filter,fx_deconv,M1_signed,f_main,40,90,0.7808659922614083
fk_filter|fx_deconv,fk_filter,fx_deconv,M1_signed,model_x_noise,M1_N1,45,0.7380998462645235
fk_filter|fx_deconv,fk_filter,fx_deconv,M1_signed,model_x_noise,M1_N2,45,0.07029203227677805
fk_filter|fx_deconv,fk_filter,fx_deconv,M1_signed,model_x_noise,M1_N3,45,0.8415074393518813
fk_filter|fx_deconv,fk_filter,fx_deconv,M1_signed,model_x_noise,M2_N1,45,0.7422451250849109
fk_filter|fx_deconv,fk_filter,fx_deconv,M1_signed,model_x_noise,M2_N2,45,0.22879724219941888
fk_filter|fx_deconv,fk_filter,fx_deconv,M1_signed,model_x_noise,M2_N3,45,0.8254952973714416
fk_filter|fx_deconv,fk_filter,fx_deconv,M2,global,global,270,0.06896551724137931
fk_filter|fx_deconv,fk_filter,fx_deconv,M2,model,M1,135,0.09090909090909091
fk_filter|fx_deconv,fk_filter,fx_deconv,M2,model,M2,135,0.0
fk_filter|fx_deconv,fk_filter,fx_deconv,M2,noise,N1,90,0.09307359307359307
fk_filter|fx_deconv,fk_filter,fx_deconv,M2,noise,N2,90,0.06451612903225806
fk_filter|fx_deconv,fk_filter,fx_deconv,M2,noise,N3,90,0.027777777777777776
fk_filter|fx_deconv,fk_filter,fx_deconv,M2,level,L1,90,0.0
fk_filter|fx_deconv,fk_filter,fx_deconv,M2,level,L2,90,0.09307359307359307
fk_filter|fx_deconv,fk_filter,fx_deconv,M2,level,L3,90,0.14285714285714285
fk_filter|fx_deconv,fk_filter,fx_deconv,M2,f_main,15,90,0.0
fk_filter|fx_deconv,fk_filter,fx_deconv,M2,f_main,25,90,0.09523809523809523
fk_filter|fx_deconv,fk_filter,fx_deconv,M2,f_main,40,90,0.125
fk_filter|fx_deconv,fk_filter,fx_deconv,M2,model_x_noise,M1_N1,45,0.14285714285714285
fk_filter|fx_deconv,fk_filter,fx_deconv,M2,model_x_noise,M1_N2,45,0.0
fk_filter|fx_deconv,fk_filter,fx_deconv,M2,model_x_noise,M1_N3,45,0.2857142857142857
fk_filter|fx_deconv,fk_filter,fx_deconv,M2,model_x_noise,M2_N1,45,0.0
fk_filter|fx_deconv,fk_filter,fx_deconv,M2,model_x_noise,M2_N2,45,0.16666666666666666
fk_filter|fx_deconv,fk_filter,fx_deconv,M2,model_x_noise,M2_N3,45,0.0
fk_filter|fx_deconv,fk_filter,fx_deconv,M3,global,global,270,0.07006115645725258
fk_filter|fx_deconv,fk_filter,fx_deconv,M3,model,M1,135,0.06731433910072573
fk_filter|fx_deconv,fk_filter,fx_deconv,M3,model,M2,135,0.07173660172438245
fk_filter|fx_deconv,fk_filter,fx_deconv,M3,noise,N1,90,0.0913231959157616
fk_filter|fx_deconv,fk_filter,fx_deconv,M3,noise,N2,90,0.020730694951471135
fk_filter|fx_deconv,fk_filter,fx_deconv,M3,noise,N3,90,0.09978986214118028
fk_filter|fx_deconv,fk_filter,fx_deconv,M3,level,L1,90,0.07388917627103672
fk_filter|fx_deconv,fk_filter,fx_deconv,M3,level,L2,90,0.06662264359214054
fk_filter|fx_deconv,fk_filter,fx_deconv,M3,level,L3,90,0.07006115645725258
fk_filter|fx_deconv,fk_filter,fx_deconv,M3,f_main,15,90,0.1294415670759328
fk_filter|fx_deconv,fk_filter,fx_deconv,M3,f_main,25,90,0.05923823456033393
fk_filter|fx_deconv,fk_filter,fx_deconv,M3,f_main,40,90,0.0349167442687153
fk_filter|fx_deconv,fk_filter,fx_deconv,M3,model_x_noise,M1_N1,45,0.058984587304446445
fk_filter|fx_deconv,fk_filter,fx_deconv,M3,model_x_noise,M1_N2,45,0.022436250428665316
fk_filter|fx_deconv,fk_filter,fx_deconv,M3,model_x_noise,M1_N3,45,0.16146921829274666
fk_filter|fx_deconv,fk_filter,fx_deconv,M3,model_x_noise,M2_N1,45,0.14591248499645537
fk_filter|fx_deconv,fk_filter,fx_deconv,M3,model_x_noise,M2_N2,45,0.020528513555042496
fk_filter|fx_deconv,fk_filter,fx_deconv,M3,model_x_noise,M2_N3,45,0.07321931552391898
fk_filter|wavelet_threshold,fk_filter,wavelet_threshold,M1,global,global,270,0.19490546533041891
fk_filter|wavelet_threshold,fk_filter,wavelet_threshold,M1,model,M1,135,0.16022119245966782
fk_filter|wavelet_threshold,fk_filter,wavelet_threshold,M1,model,M2,135,0.22016713059738446
fk_filter|wavelet_threshold,fk_filter,wavelet_threshold,M1,noise,N1,90,0.14579124125821036
fk_filter|wavelet_threshold,fk_filter,wavelet_threshold,M1,noise,N2,90,0.08874343013453256
fk_filter|wavelet_threshold,fk_filter,wavelet_threshold,M1,noise,N3,90,0.8374324541551605
fk_filter|wavelet_threshold,fk_filter,wavelet_threshold,M1,level,L1,90,0.2725689716881508
fk_filter|wavelet_threshold,fk_filter,wavelet_threshold,M1,level,L2,90,0.14948963251981412
fk_filter|wavelet_threshold,fk_filter,wavelet_threshold,M1,level,L3,90,0.14187228780014965
fk_filter|wavelet_threshold,fk_filter,wavelet_threshold,M1,f_main,15,90,0.27176916902253256
fk_filter|wavelet_threshold,fk_filter,wavelet_threshold,M1,f_main,25,90,0.18571764404717545
fk_filter|wavelet_threshold,fk_filter,wavelet_threshold,M1,f_main,40,90,0.17127983971957506
fk_filter|wavelet_threshold,fk_filter,wavelet_threshold,M1,model_x_noise,M1_N1,45,0.13956824590360928
fk_filter|wavelet_threshold,fk_filter,wavelet_threshold,M1,model_x_noise,M1_N2,45,0.0702912882949116
fk_filter|wavelet_threshold,fk_filter,wavelet_threshold,M1,model_x_noise,M1_N3,45,0.828361177464018
fk_filter|wavelet_threshold,fk_filter,wavelet_threshold,M1,model_x_noise,M2_N1,45,0.15465432427842907
fk_filter|wavelet_threshold,fk_filter,wavelet_threshold,M1,model_x_noise,M2_N2,45,0.1854860256246582
fk_filter|wavelet_threshold,fk_filter,wavelet_threshold,M1,model_x_noise,M2_N3,45,0.8593600066320328
fk_filter|wavelet_threshold,fk_filter,wavelet_threshold,M1_signed,global,global,270,0.19490546533041891
fk_filter|wavelet_threshold,fk_filter,wavelet_threshold,M1_signed,model,M1,135,0.16022119245966782
fk_filter|wavelet_threshold,fk_filter,wavelet_threshold,M1_signed,model,M2,135,0.22016713059738446
fk_filter|wavelet_threshold,fk_filter,wavelet_threshold,M1_signed,noise,N1,90,0.14579124125821036
fk_filter|wavelet_threshold,fk_filter,wavelet_threshold,M1_signed,noise,N2,90,0.08874343013453256
fk_filter|wavelet_threshold,fk_filter,wavelet_threshold,M1_signed,noise,N3,90,0.8374324541551605
fk_filter|wavelet_threshold,fk_filter,wavelet_threshold,M1_signed,level,L1,90,0.2725689716881508
fk_filter|wavelet_threshold,fk_filter,wavelet_threshold,M1_signed,level,L2,90,0.14948963251981412
fk_filter|wavelet_threshold,fk_filter,wavelet_threshold,M1_signed,level,L3,90,0.14187228780014965
fk_filter|wavelet_threshold,fk_filter,wavelet_threshold,M1_signed,f_main,15,90,0.27176916902253256
fk_filter|wavelet_threshold,fk_filter,wavelet_threshold,M1_signed,f_main,25,90,0.18571764404717545
fk_filter|wavelet_threshold,fk_filter,wavelet_threshold,M1_signed,f_main,40,90,0.17127983971957506
fk_filter|wavelet_threshold,fk_filter,wavelet_threshold,M1_signed,model_x_noise,M1_N1,45,0.13956824590360928
fk_filter|wavelet_threshold,fk_filter,wavelet_threshold,M1_signed,model_x_noise,M1_N2,45,0.0702912882949116
fk_filter|wavelet_threshold,fk_filter,wavelet_threshold,M1_signed,model_x_noise,M1_N3,45,0.828361177464018
fk_filter|wavelet_threshold,fk_filter,wavelet_threshold,M1_signed,model_x_noise,M2_N1,45,0.15465432427842907
fk_filter|wavelet_threshold,fk_filter,wavelet_threshold,M1_signed,model_x_noise,M2_N2,45,0.1854860256246582
fk_filter|wavelet_threshold,fk_filter,wavelet_threshold,M1_signed,model_x_noise,M2_N3,45,0.8593600066320328
fk_filter|wavelet_threshold,fk_filter,wavelet_threshold,M2,global,global,270,0.09523809523809523
fk_filter|wavelet_threshold,fk_filter,wavelet_threshold,M2,model,M1,135,0.14285714285714285
fk_filter|wavelet_threshold,fk_filter,wavelet_threshold,M2,model,M2,135,0.0
fk_filter|wavelet_threshold,fk_filter,wavelet_threshold,M2,noise,N1,90,0.15476190476190477
fk_filter|wavelet_threshold,fk_filter,wavelet_threshold,M2,noise,N2,90,0.11805555555555555
fk_filter|wavelet_threshold,fk_filter,wavelet_threshold,M2,noise,N3,90,0.0
fk_filter|wavelet_threshold,fk_filter,wavelet_threshold,M2,level,L1,90,0.06003584229390681
fk_filter|wavelet_threshold,fk_filter,wavelet_threshold,M2,level,L2,90,0.10818713450292397
fk_filter|wavelet_threshold,fk_filter,wavelet_threshold,M2,level,L3,90,0.19617224880382775
fk_filter|wavelet_threshold,fk_filter,wavelet_threshold,M2,f_main,15,90,0.25
fk_filter|wavelet_threshold,fk_filter,wavelet_threshold,M2,f_main,25,90,0.09090909090909091
fk_filter|wavelet_threshold,fk_filter,wavelet_threshold,M2,f_main,40,90,0.08333333333333333
fk_filter|wavelet_threshold,fk_filter,wavelet_threshold,M2,model_x_noise,M1_N1,45,0.19047619047619047
fk_filter|wavelet_threshold,fk_filter,wavelet_threshold,M2,model_x_noise,M1_N2,45,0.08333333333333333
fk_filter|wavelet_threshold,fk_filter,wavelet_threshold,M2,model_x_noise,M1_N3,45,0.19047619047619047
fk_filter|wavelet_threshold,fk_filter,wavelet_threshold,M2,model_x_noise,M2_N1,45,0.14285714285714285
fk_filter|wavelet_threshold,fk_filter,wavelet_threshold,M2,model_x_noise,M2_N2,45,0.14285714285714285
fk_filter|wavelet_threshold,fk_filter,wavelet_threshold,M2,model_x_noise,M2_N3,45,0.0
fk_filter|wavelet_threshold,fk_filter,wavelet_threshold,M3,global,global,270,0.04128599964328982
fk_filter|wavelet_threshold,fk_filter,wavelet_threshold,M3,model,M1,135,0.03784675242088426
fk_filter|wavelet_threshold,fk_filter,wavelet_threshold,M3,model,M2,135,0.043804397530985126
fk_filter|wavelet_threshold,fk_filter,wavelet_threshold,M3,noise,N1,90,0.03377916614670709
fk_filter|wavelet_threshold,fk_filter,wavelet_threshold,M3,noise,N2,90,0.01976558607475283
fk_filter|wavelet_threshold,fk_filter,wavelet_threshold,M3,noise,N3,90,0.12516672574337212
fk_filter|wavelet_threshold,fk_filter,wavelet_threshold,M3,level,L1,90,0.059706115478149094
fk_filter|wavelet_threshold,fk_filter,wavelet_threshold,M3,level,L2,90,0.03808050770443695
fk_filter|wavelet_threshold,fk_filter,wavelet_threshold,M3,level,L3,90,0.036675281248520014
fk_filter|wavelet_threshold,fk_filter,wavelet_threshold,M3,f_main,15,90,0.08516574292703238
fk_filter|wavelet_threshold,fk_filter,wavelet_threshold,M3,f_main,25,90,0.03328869253335144
fk_filter|wavelet_threshold,fk_filter,wavelet_threshold,M3,f_main,40,90,0.03381955451627502
fk_filter|wavelet_threshold,fk_filter,wavelet_threshold,M3,model_x_noise,M1_N1,45,0.035081872416843934
fk_filter|wavelet_threshold,fk_filter,wavelet_threshold,M3,model_x_noise,M1_N2,45,0.02243625042765457
fk_filter|wavelet_threshold,fk_filter,wavelet_threshold,M3,model_x_noise,M1_N3,45,0.16036524903005173
fk_filter|wavelet_threshold,fk_filter,wavelet_threshold,M3,model_x_noise,M2_N1,45,0.03208415772615354
fk_filter|wavelet_threshold,fk_filter,wavelet_threshold,M3,model_x_noise,M2_N2,45,0.016778635454023486
fk_filter|wavelet_threshold,fk_filter,wavelet_threshold,M3,model_x_noise,M2_N3,45,0.122024737671835
fk_filter|ssa_decomposition,fk_filter,ssa_decomposition,M1,global,global,270,0.5753598770590918
fk_filter|ssa_decomposition,fk_filter,ssa_decomposition,M1,model,M1,135,0.5868596939944509
fk_filter|ssa_decomposition,fk_filter,ssa_decomposition,M1,model,M2,135,0.5418580629142562
fk_filter|ssa_decomposition,fk_filter,ssa_decomposition,M1,noise,N1,90,0.5121119139439224
fk_filter|ssa_decomposition,fk_filter,ssa_decomposition,M1,noise,N2,90,0.41782064121413925
fk_filter|ssa_decomposition,fk_filter,ssa_decomposition,M1,noise,N3,90,0.8448456338889327
fk_filter|ssa_decomposition,fk_filter,ssa_decomposition,M1,level,L1,90,0.6448993133353497
fk_filter|ssa_decomposition,fk_filter,ssa_decomposition,M1,level,L2,90,0.5296543886477192
fk_filter|ssa_decomposition,fk_filter,ssa_decomposition,M1,level,L3,90,0.46745256821921843
fk_filter|ssa_decomposition,fk_filter,ssa_decomposition,M1,f_main,15,90,0.5777341471554283
fk_filter|ssa_decomposition,fk_filter,ssa_decomposition,M1,f_main,25,90,0.5546526670994821
fk_filter|ssa_decomposition,fk_filter,ssa_decomposition,M1,f_main,40,90,0.5895603879165373
fk_filter|ssa_decomposition,fk_filter,ssa_decomposition,M1,model_x_noise,M1_N1,45,0.5244891241813194
fk_filter|ssa_decomposition,fk_filter,ssa_decomposition,M1,model_x_noise,M1_N2,45,0.4820456164670045
fk_filter|ssa_decomposition,fk_filter,ssa_decomposition,M1,model_x_noise,M1_N3,45,0.8345550281772846
fk_filter|ssa_decomposition,fk_filter,ssa_decomposition,M1,model_x_noise,M2_N1,45,0.5038203670275238
fk_filter|ssa_decomposition,fk_filter,ssa_decomposition,M1,model_x_noise,M2_N2,45,0.34354112043129403
fk_filter|ssa_decomposition,fk_filter,ssa_decomposition,M1,model_x_noise,M2_N3,45,0.8612964337723544
fk_filter|ssa_decomposition,fk_filter,ssa_decomposition,M1_signed,global,global,270,0.5753598770590918
fk_filter|ssa_decomposition,fk_filter,ssa_decomposition,M1_signed,model,M1,135,0.5868596939944509
fk_filter|ssa_decomposition,fk_filter,ssa_decomposition,M1_signed,model,M2,135,0.5418580629142562
fk_filter|ssa_decomposition,fk_filter,ssa_decomposition,M1_signed,noise,N1,90,0.5121119139439224
fk_filter|ssa_decomposition,fk_filter,ssa_decomposition,M1_signed,noise,N2,90,0.41782064121413925
fk_filter|ssa_decomposition,fk_filter,ssa_decomposition,M1_signed,noise,N3,90,0.8448456338889327
fk_filter|ssa_decomposition,fk_filter,ssa_decomposition,M1_signed,level,L1,90,0.6448993133353497
fk_filter|ssa_decomposition,fk_filter,ssa_decomposition,M1_signed,level,L2,90,0.5296543886477192
fk_filter|ssa_decomposition,fk_filter,ssa_decomposition,M1_signed,level,L3,90,0.46745256821921843
fk_filter|ssa_decomposition,fk_filter,ssa_decomposition,M1_signed,f_main,15,90,0.5777341471554283
fk_filter|ssa_decomposition,fk_filter,ssa_decomposition,M1_signed,f_main,25,90,0.5546526670994821
fk_filter|ssa_decomposition,fk_filter,ssa_decomposition,M1_signed,f_main,40,90,0.5895603879165373
fk_filter|ssa_decomposition,fk_filter,ssa_decomposition,M1_signed,model_x_noise,M1_N1,45,0.5244891241813194
fk_filter|ssa_decomposition,fk_filter,ssa_decomposition,M1_signed,model_x_noise,M1_N2,45,0.4820456164670045
fk_filter|ssa_decomposition,fk_filter,ssa_decomposition,M1_signed,model_x_noise,M1_N3,45,0.8345550281772846
fk_filter|ssa_decomposition,fk_filter,ssa_decomposition,M1_signed,model_x_noise,M2_N1,45,0.5038203670275238
fk_filter|ssa_decomposition,fk_filter,ssa_decomposition,M1_signed,model_x_noise,M2_N2,45,0.34354112043129403
fk_filter|ssa_decomposition,fk_filter,ssa_decomposition,M1_signed,model_x_noise,M2_N3,45,0.8612964337723544
fk_filter|ssa_decomposition,fk_filter,ssa_decomposition,M2,global,global,270,0.0
fk_filter|ssa_decomposition,fk_filter,ssa_decomposition,M2,model,M1,135,0.09523809523809523
fk_filter|ssa_decomposition,fk_filter,ssa_decomposition,M2,model,M2,135,0.0
fk_filter|ssa_decomposition,fk_filter,ssa_decomposition,M2,noise,N1,90,0.0
fk_filter|ssa_decomposition,fk_filter,ssa_decomposition,M2,noise,N2,90,0.0
fk_filter|ssa_decomposition,fk_filter,ssa_decomposition,M2,noise,N3,90,0.0
fk_filter|ssa_decomposition,fk_filter,ssa_decomposition,M2,level,L1,90,0.0
fk_filter|ssa_decomposition,fk_filter,ssa_decomposition,M2,level,L2,90,0.0
fk_filter|ssa_decomposition,fk_filter,ssa_decomposition,M2,level,L3,90,0.0
fk_filter|ssa_decomposition,fk_filter,ssa_decomposition,M2,f_main,15,90,0.0
fk_filter|ssa_decomposition,fk_filter,ssa_decomposition,M2,f_main,25,90,0.0
fk_filter|ssa_decomposition,fk_filter,ssa_decomposition,M2,f_main,40,90,0.038980509745127435
fk_filter|ssa_decomposition,fk_filter,ssa_decomposition,M2,model_x_noise,M1_N1,45,0.047619047619047616
fk_filter|ssa_decomposition,fk_filter,ssa_decomposition,M2,model_x_noise,M1_N2,45,0.09090909090909091
fk_filter|ssa_decomposition,fk_filter,ssa_decomposition,M2,model_x_noise,M1_N3,45,0.27586206896551724
fk_filter|ssa_decomposition,fk_filter,ssa_decomposition,M2,model_x_noise,M2_N1,45,0.0
fk_filter|ssa_decomposition,fk_filter,ssa_decomposition,M2,model_x_noise,M2_N2,45,0.0
fk_filter|ssa_decomposition,fk_filter,ssa_decomposition,M2,model_x_noise,M2_N3,45,0.0
fk_filter|ssa_decomposition,fk_filter,ssa_decomposition,M3,global,global,270,0.09255759909015021
fk_filter|ssa_decomposition,fk_filter,ssa_decomposition,M3,model,M1,135,0.09401993418372614
fk_filter|ssa_decomposition,fk_filter,ssa_decomposition,M3,model,M2,135,0.09074249667432444
fk_filter|ssa_decomposition,fk_filter,ssa_decomposition,M3,noise,N1,90,0.13390744055159023
fk_filter|ssa_decomposition,fk_filter,ssa_decomposition,M3,noise,N2,90,0.06835327439604122
fk_filter|ssa_decomposition,fk_filter,ssa_decomposition,M3,noise,N3,90,0.0955110159558564
fk_filter|ssa_decomposition,fk_filter,ssa_decomposition,M3,level,L1,90,0.11521801979300139
fk_filter|ssa_decomposition,fk_filter,ssa_decomposition,M3,level,L2,90,0.09417372740849918
fk_filter|ssa_decomposition,fk_filter,ssa_decomposition,M3,level,L3,90,0.07336073969498083
fk_filter|ssa_decomposition,fk_filter,ssa_decomposition,M3,f_main,15,90,0.1745823417126046
fk_filter|ssa_decomposition,fk_filter,ssa_decomposition,M3,f_main,25,90,0.08345922860850757
fk_filter|ssa_decomposition,fk_filter,ssa_decomposition,M3,f_main,40,90,0.043368655298831424
fk_filter|ssa_decomposition,fk_filter,ssa_decomposition,M3,model_x_noise,M1_N1,45,0.1457082037022734
fk_filter|ssa_decomposition,fk_filter,ssa_decomposition,M3,model_x_noise,M1_N2,45,0.08988443362429778
fk_filter|ssa_decomposition,fk_filter,ssa_decomposition,M3,model_x_noise,M1_N3,45,0.06919752839706866
fk_filter|ssa_decomposition,fk_filter,ssa_decomposition,M3,model_x_noise,M2_N1,45,0.10935796445242248
fk_filter|ssa_decomposition,fk_filter,ssa_decomposition,M3,model_x_noise,M2_N2,45,0.025042342500029575
fk_filter|ssa_decomposition,fk_filter,ssa_decomposition,M3,model_x_noise,M2_N3,45,0.10813211418682885
fk_filter|svd_lowrank,fk_filter,svd_lowrank,M1,global,global,270,0.5760856778569026
fk_filter|svd_lowrank,fk_filter,svd_lowrank,M1,model,M1,135,0.7889120373101796
fk_filter|svd_lowrank,fk_filter,svd_lowrank,M1,model,M2,135,0.5109450718871609
fk_filter|svd_lowrank,fk_filter,svd_lowrank,M1,noise,N1,90,0.1981699821321637
fk_filter|svd_lowrank,fk_filter,svd_lowrank,M1,noise,N2,90,0.5753958775888903
fk_filter|svd_lowrank,fk_filter,svd_lowrank,M1,noise,N3,90,0.8795062806171239
fk_filter|svd_lowrank,fk_filter,svd_lowrank,M1,level,L1,90,0.6327705728928925
fk_filter|svd_lowrank,fk_filter,svd_lowrank,M1,level,L2,90,0.5632116262323099
fk_filter|svd_lowrank,fk_filter,svd_lowrank,M1,level,L3,90,0.5434659557289834
fk_filter|svd_lowrank,fk_filter,svd_lowrank,M1,f_main,15,90,0.8738367025187049
fk_filter|svd_lowrank,fk_filter,svd_lowrank,M1,f_main,25,90,0.5676828438731794
fk_filter|svd_lowrank,fk_filter,svd_lowrank,M1,f_main,40,90,0.4210808815556872
fk_filter|svd_lowrank,fk_filter,svd_lowrank,M1,model_x_noise,M1_N1,45,0.19578635964231483
fk_filter|svd_lowrank,fk_filter,svd_lowrank,M1,model_x_noise,M1_N2,45,0.9164195489576117
fk_filter|svd_lowrank,fk_filter,svd_lowrank,M1,model_x_noise,M1_N3,45,0.8789826551971016
fk_filter|svd_lowrank,fk_filter,svd_lowrank,M1,model_x_noise,M2_N1,45,0.20491810469258853
fk_filter|svd_lowrank,fk_filter,svd_lowrank,M1,model_x_noise,M2_N2,45,0.42212564076965553
fk_filter|svd_lowrank,fk_filter,svd_lowrank,M1,model_x_noise,M2_N3,45,0.880029906037146
fk_filter|svd_lowrank,fk_filter,svd_lowrank,M1_signed,global,global,270,0.5760856778569026
fk_filter|svd_lowrank,fk_filter,svd_lowrank,M1_signed,model,M1,135,0.7889120373101796
fk_filter|svd_lowrank,fk_filter,svd_lowrank,M1_signed,model,M2,135,0.5109450718871609
fk_filter|svd_lowrank,fk_filter,svd_lowrank,M1_signed,noise,N1,90,0.1981699821321637
fk_filter|svd_lowrank,fk_filter,svd_lowrank,M1_signed,noise,N2,90,0.5753958775888903
fk_filter|svd_lowrank,fk_filter,svd_lowrank,M1_signed,noise,N3,90,0.8795062806171239
fk_filter|svd_lowrank,fk_filter,svd_lowrank,M1_signed,level,L1,90,0.6327705728928925
fk_filter|svd_lowrank,fk_filter,svd_lowrank,M1_signed,level,L2,90,0.5632116262323099
fk_filter|svd_lowrank,fk_filter,svd_lowrank,M1_signed,level,L3,90,0.5434659557289834
fk_filter|svd_lowrank,fk_filter,svd_lowrank,M1_signed,f_main,15,90,0.8738367025187049
fk_filter|svd_lowrank,fk_filter,svd_lowrank,M1_signed,f_main,25,90,0.5676828438731794
fk_filter|svd_lowrank,fk_filter,svd_lowrank,M1_signed,f_main,40,90,0.4210808815556872
fk_filter|svd_lowrank,fk_filter,svd_lowrank,M1_signed,model_x_noise,M1_N1,45,0.19578635964231483
fk_filter|svd_lowrank,fk_filter,svd_lowrank,M1_signed,model_x_noise,M1_N2,45,0.9164195489576117
fk_filter|svd_lowrank,fk_filter,svd_lowrank,M1_signed,model_x_noise,M1_N3,45,0.8789826551971016
fk_filter|svd_lowrank,fk_filter,svd_lowrank,M1_signed,model_x_noise,M2_N1,45,0.20491810469258853
fk_filter|svd_lowrank,fk_filter,svd_lowrank,M1_signed,model_x_noise,M2_N2,45,0.42212564076965553
fk_filter|svd_lowrank,fk_filter,svd_lowrank,M1_signed,model_x_noise,M2_N3,45,0.880029906037146
fk_filter|svd_lowrank,fk_filter,svd_lowrank,M2,global,global,270,0.0
fk_filter|svd_lowrank,fk_filter,svd_lowrank,M2,model,M1,135,0.09523809523809523
fk_filter|svd_lowrank,fk_filter,svd_lowrank,M2,model,M2,135,0.0
fk_filter|svd_lowrank,fk_filter,svd_lowrank,M2,noise,N1,90,0.0
fk_filter|svd_lowrank,fk_filter,svd_lowrank,M2,noise,N2,90,0.09523809523809523
fk_filter|svd_lowrank,fk_filter,svd_lowrank,M2,noise,N3,90,0.0
fk_filter|svd_lowrank,fk_filter,svd_lowrank,M2,level,L1,90,0.02631578947368421
fk_filter|svd_lowrank,fk_filter,svd_lowrank,M2,level,L2,90,0.0
fk_filter|svd_lowrank,fk_filter,svd_lowrank,M2,level,L3,90,0.0
fk_filter|svd_lowrank,fk_filter,svd_lowrank,M2,f_main,15,90,0.0
fk_filter|svd_lowrank,fk_filter,svd_lowrank,M2,f_main,25,90,0.0
fk_filter|svd_lowrank,fk_filter,svd_lowrank,M2,f_main,40,90,0.0
fk_filter|svd_lowrank,fk_filter,svd_lowrank,M2,model_x_noise,M1_N1,45,0.05555555555555555
fk_filter|svd_lowrank,fk_filter,svd_lowrank,M2,model_x_noise,M1_N2,45,0.14285714285714285
fk_filter|svd_lowrank,fk_filter,svd_lowrank,M2,model_x_noise,M1_N3,45,0.14285714285714285
fk_filter|svd_lowrank,fk_filter,svd_lowrank,M2,model_x_noise,M2_N1,45,0.0
fk_filter|svd_lowrank,fk_filter,svd_lowrank,M2,model_x_noise,M2_N2,45,0.0
fk_filter|svd_lowrank,fk_filter,svd_lowrank,M2,model_x_noise,M2_N3,45,0.0
fk_filter|svd_lowrank,fk_filter,svd_lowrank,M3,global,global,270,0.08377046142527986
fk_filter|svd_lowrank,fk_filter,svd_lowrank,M3,model,M1,135,0.09465025273990343
fk_filter|svd_lowrank,fk_filter,svd_lowrank,M3,model,M2,135,0.06403299247899949
fk_filter|svd_lowrank,fk_filter,svd_lowrank,M3,noise,N1,90,0.028305890923351864
fk_filter|svd_lowrank,fk_filter,svd_lowrank,M3,noise,N2,90,0.0992549950985887
fk_filter|svd_lowrank,fk_filter,svd_lowrank,M3,noise,N3,90,0.13013810045605106
fk_filter|svd_lowrank,fk_filter,svd_lowrank,M3,level,L1,90,0.09426889293140481
fk_filter|svd_lowrank,fk_filter,svd_lowrank,M3,level,L2,90,0.08303196848271366
fk_filter|svd_lowrank,fk_filter,svd_lowrank,M3,level,L3,90,0.07962915191427967
fk_filter|svd_lowrank,fk_filter,svd_lowrank,M3,f_main,15,90,0.10583691235635342
fk_filter|svd_lowrank,fk_filter,svd_lowrank,M3,f_main,25,90,0.07034838120433942
fk_filter|svd_lowrank,fk_filter,svd_lowrank,M3,f_main,40,90,0.068079674961281
fk_filter|svd_lowrank,fk_filter,svd_lowrank,M3,model_x_noise,M1_N1,45,0.030278094654165116
fk_filter|svd_lowrank,fk_filter,svd_lowrank,M3,model_x_noise,M1_N2,45,0.1259817331631183
fk_filter|svd_lowrank,fk_filter,svd_lowrank,M3,model_x_noise,M1_N3,45,0.1713632824443944
fk_filter|svd_lowrank,fk_filter,svd_lowrank,M3,model_x_noise,M2_N1,45,0.02530723335128085
fk_filter|svd_lowrank,fk_filter,svd_lowrank,M3,model_x_noise,M2_N2,45,0.046357810350190626
fk_filter|svd_lowrank,fk_filter,svd_lowrank,M3,model_x_noise,M2_N3,45,0.1119579661453009
fx_deconv|wavelet_threshold,fx_deconv,wavelet_threshold,M1,global,global,270,0.09380700212314858
fx_deconv|wavelet_threshold,fx_deconv,wavelet_threshold,M1,model,M1,135,0.003123716714142022
fx_deconv|wavelet_threshold,fx_deconv,wavelet_threshold,M1,model,M2,135,0.20041795772850535
fx_deconv|wavelet_threshold,fx_deconv,wavelet_threshold,M1,noise,N1,90,0.7463487712556863
fx_deconv|wavelet_threshold,fx_deconv,wavelet_threshold,M1,noise,N2,90,0.014869872491258374
fx_deconv|wavelet_threshold,fx_deconv,wavelet_threshold,M1,noise,N3,90,0.014304602330850347
fx_deconv|wavelet_threshold,fx_deconv,wavelet_threshold,M1,level,L1,90,0.1832508611386447
fx_deconv|wavelet_threshold,fx_deconv,wavelet_threshold,M1,level,L2,90,0.07200624173947251
fx_deconv|wavelet_threshold,fx_deconv,wavelet_threshold,M1,level,L3,90,0.03623887989444691
fx_deconv|wavelet_threshold,fx_deconv,wavelet_threshold,M1,f_main,15,90,0.18718206299843648
fx_deconv|wavelet_threshold,fx_deconv,wavelet_threshold,M1,f_main,25,90,0.10223545118925531
fx_deconv|wavelet_threshold,fx_deconv,wavelet_threshold,M1,f_main,40,90,0.054436682281151894
fx_deconv|wavelet_threshold,fx_deconv,wavelet_threshold,M1,model_x_noise,M1_N1,45,0.7241795873096903
fx_deconv|wavelet_threshold,fx_deconv,wavelet_threshold,M1,model_x_noise,M1_N2,45,1.8473560456921945e-06
fx_deconv|wavelet_threshold,fx_deconv,wavelet_threshold,M1,model_x_noise,M1_N3,45,0.003123716714142022
fx_deconv|wavelet_threshold,fx_deconv,wavelet_threshold,M1,model_x_noise,M2_N1,45,0.7769129392382159
fx_deconv|wavelet_threshold,fx_deconv,wavelet_threshold,M1,model_x_noise,M2_N2,45,0.16813691306026524
fx_deconv|wavelet_threshold,fx_deconv,wavelet_threshold,M1,model_x_noise,M2_N3,45,0.06515856480112903
fx_deconv|wavelet_threshold,fx_deconv,wavelet_threshold,M1_signed,global,global,270,0.09380700212314858
fx_deconv|wavelet_threshold,fx_deconv,wavelet_threshold,M1_signed,model,M1,135,0.003123716714142022
fx_deconv|wavelet_threshold,fx_deconv,wavelet_threshold,M1_signed,model,M2,135,0.20041795772850535
fx_deconv|wavelet_threshold,fx_deconv,wavelet_threshold,M1_signed,noise,N1,90,0.7463487712556863
fx_deconv|wavelet_threshold,fx_deconv,wavelet_threshold,M1_signed,noise,N2,90,0.014869872491258374
fx_deconv|wavelet_threshold,fx_deconv,wavelet_threshold,M1_signed,noise,N3,90,0.014304602330850347
fx_deconv|wavelet_threshold,fx_deconv,wavelet_threshold,M1_signed,level,L1,90,0.1832508611386447
fx_deconv|wavelet_threshold,fx_deconv,wavelet_threshold,M1_signed,level,L2,90,0.07200624173947251
fx_deconv|wavelet_threshold,fx_deconv,wavelet_threshold,M1_signed,level,L3,90,0.03623887989444691
fx_deconv|wavelet_threshold,fx_deconv,wavelet_threshold,M1_signed,f_main,15,90,0.18718206299843648
fx_deconv|wavelet_threshold,fx_deconv,wavelet_threshold,M1_signed,f_main,25,90,0.10223545118925531
fx_deconv|wavelet_threshold,fx_deconv,wavelet_threshold,M1_signed,f_main,40,90,0.054436682281151894
fx_deconv|wavelet_threshold,fx_deconv,wavelet_threshold,M1_signed,model_x_noise,M1_N1,45,0.7241795873096903
fx_deconv|wavelet_threshold,fx_deconv,wavelet_threshold,M1_signed,model_x_noise,M1_N2,45,1.8473560456921945e-06
fx_deconv|wavelet_threshold,fx_deconv,wavelet_threshold,M1_signed,model_x_noise,M1_N3,45,0.003123716714142022
fx_deconv|wavelet_threshold,fx_deconv,wavelet_threshold,M1_signed,model_x_noise,M2_N1,45,0.7769129392382159
fx_deconv|wavelet_threshold,fx_deconv,wavelet_threshold,M1_signed,model_x_noise,M2_N2,45,0.16813691306026524
fx_deconv|wavelet_threshold,fx_deconv,wavelet_threshold,M1_signed,model_x_noise,M2_N3,45,0.06515856480112903
fx_deconv|wavelet_threshold,fx_deconv,wavelet_threshold,M2,global,global,270,0.0
fx_deconv|wavelet_threshold,fx_deconv,wavelet_threshold,M2,model,M1,135,0.0
fx_deconv|wavelet_threshold,fx_deconv,wavelet_threshold,M2,model,M2,135,0.42857142857142855
fx_deconv|wavelet_threshold,fx_deconv,wavelet_threshold,M2,noise,N1,90,0.0
fx_deconv|wavelet_threshold,fx_deconv,wavelet_threshold,M2,noise,N2,90,0.0
fx_deconv|wavelet_threshold,fx_deconv,wavelet_threshold,M2,noise,N3,90,0.16666666666666666
fx_deconv|wavelet_threshold,fx_deconv,wavelet_threshold,M2,level,L1,90,0.0
fx_deconv|wavelet_threshold,fx_deconv,wavelet_threshold,M2,level,L2,90,0.016129032258064516
fx_deconv|wavelet_threshold,fx_deconv,wavelet_threshold,M2,level,L3,90,0.15476190476190477
fx_deconv|wavelet_threshold,fx_deconv,wavelet_threshold,M2,f_main,15,90,0.0
fx_deconv|wavelet_threshold,fx_deconv,wavelet_threshold,M2,f_main,25,90,0.03125
fx_deconv|wavelet_threshold,fx_deconv,wavelet_threshold,M2,f_main,40,90,0.12440191387559808
fx_deconv|wavelet_threshold,fx_deconv,wavelet_threshold,M2,model_x_noise,M1_N1,45,0.07142857142857142
fx_deconv|wavelet_threshold,fx_deconv,wavelet_threshold,M2,model_x_noise,M1_N2,45,0.0
fx_deconv|wavelet_threshold,fx_deconv,wavelet_threshold,M2,model_x_noise,M1_N3,45,0.0
fx_deconv|wavelet_threshold,fx_deconv,wavelet_threshold,M2,model_x_noise,M2_N1,45,0.0
fx_deconv|wavelet_threshold,fx_deconv,wavelet_threshold,M2,model_x_noise,M2_N2,45,0.5
fx_deconv|wavelet_threshold,fx_deconv,wavelet_threshold,M2,model_x_noise,M2_N3,45,0.5714285714285714
fx_deconv|wavelet_threshold,fx_deconv,wavelet_threshold,M3,global,global,270,0.005259726674094483
fx_deconv|wavelet_threshold,fx_deconv,wavelet_threshold,M3,model,M1,135,8.956440165720238e-06
fx_deconv|wavelet_threshold,fx_deconv,wavelet_threshold,M3,model,M2,135,0.030275236442655028
fx_deconv|wavelet_threshold,fx_deconv,wavelet_threshold,M3,noise,N1,90,0.026455084985874896
fx_deconv|wavelet_threshold,fx_deconv,wavelet_threshold,M3,noise,N2,90,2.698774392994987e-05
fx_deconv|wavelet_threshold,fx_deconv,wavelet_threshold,M3,noise,N3,90,2.9564502741205163e-05
fx_deconv|wavelet_threshold,fx_deconv,wavelet_threshold,M3,level,L1,90,0.006957982343724761
fx_deconv|wavelet_threshold,fx_deconv,wavelet_threshold,M3,level,L2,90,0.006118534461221391
fx_deconv|wavelet_threshold,fx_deconv,wavelet_threshold,M3,level,L3,90,0.0028715932440025807
fx_deconv|wavelet_threshold,fx_deconv,wavelet_threshold,M3,f_main,15,90,0.016346755573867815
fx_deconv|wavelet_threshold,fx_deconv,wavelet_threshold,M3,f_main,25,90,0.006167424779324212
fx_deconv|wavelet_threshold,fx_deconv,wavelet_threshold,M3,f_main,40,90,0.0031497614583374895
fx_deconv|wavelet_threshold,fx_deconv,wavelet_threshold,M3,model_x_noise,M1_N1,45,0.012651239826345945
fx_deconv|wavelet_threshold,fx_deconv,wavelet_threshold,M3,model_x_noise,M1_N2,45,2.5647210262449094e-12
fx_deconv|wavelet_threshold,fx_deconv,wavelet_threshold,M3,model_x_noise,M1_N3,45,8.956440165720238e-06
fx_deconv|wavelet_threshold,fx_deconv,wavelet_threshold,M3,model_x_noise,M2_N1,45,0.06516711067211456
fx_deconv|wavelet_threshold,fx_deconv,wavelet_threshold,M3,model_x_noise,M2_N2,45,0.008244499962082995
fx_deconv|wavelet_threshold,fx_deconv,wavelet_threshold,M3,model_x_noise,M2_N3,45,0.006403146478007561
fx_deconv|ssa_decomposition,fx_deconv,ssa_decomposition,M1,global,global,270,0.42320312881910993
fx_deconv|ssa_decomposition,fx_deconv,ssa_decomposition,M1,model,M1,135,0.49130122324618075
fx_deconv|ssa_decomposition,fx_deconv,ssa_decomposition,M1,model,M2,135,0.341019625220249
fx_deconv|ssa_decomposition,fx_deconv,ssa_decomposition,M1,noise,N1,90,0.786430469043772
fx_deconv|ssa_decomposition,fx_deconv,ssa_decomposition,M1,noise,N2,90,0.33419856952569416
fx_deconv|ssa_decomposition,fx_deconv,ssa_decomposition,M1,noise,N3,90,0.13662879427704822
fx_deconv|ssa_decomposition,fx_deconv,ssa_decomposition,M1,level,L1,90,0.4898587978130644
fx_deconv|ssa_decomposition,fx_deconv,ssa_decomposition,M1,level,L2,90,0.4217989252239907
fx_deconv|ssa_decomposition,fx_deconv,ssa_decomposition,M1,level,L3,90,0.3284051120466175
fx_deconv|ssa_decomposition,fx_deconv,ssa_decomposition,M1,f_main,15,90,0.28214056674725313
fx_deconv|ssa_decomposition,fx_deconv,ssa_decomposition,M1,f_main,25,90,0.37910582665859405
fx_deconv|ssa_decomposition,fx_deconv,ssa_decomposition,M1,f_main,40,90,0.5899684245906888
fx_deconv|ssa_decomposition,fx_deconv,ssa_decomposition,M1,model_x_noise,M1_N1,45,0.7695453728290851
fx_deconv|ssa_decomposition,fx_deconv,ssa_decomposition,M1,model_x_noise,M1_N2,45,0.3761744548493059
fx_deconv|ssa_decomposition,fx_deconv,ssa_decomposition,M1,model_x_noise,M1_N3,45,0.172118903830336
fx_deconv|ssa_decomposition,fx_deconv,ssa_decomposition,M1,model_x_noise,M2_N1,45,0.8096524970770489
fx_deconv|ssa_decomposition,fx_deconv,ssa_decomposition,M1,model_x_noise,M2_N2,45,0.2962434390332366
fx_deconv|ssa_decomposition,fx_deconv,ssa_decomposition,M1,model_x_noise,M2_N3,45,0.12564978907802438
fx_deconv|ssa_decomposition,fx_deconv,ssa_decomposition,M1_signed,global,global,270,0.42320312881910993
fx_deconv|ssa_decomposition,fx_deconv,ssa_decomposition,M1_signed,model,M1,135,0.49130122324618075
fx_deconv|ssa_decomposition,fx_deconv,ssa_decomposition,M1_signed,model,M2,135,0.341019625220249
fx_deconv|ssa_decomposition,fx_deconv,ssa_decomposition,M1_signed,noise,N1,90,0.786430469043772
fx_deconv|ssa_decomposition,fx_deconv,ssa_decomposition,M1_signed,noise,N2,90,0.33419856952569416
fx_deconv|ssa_decomposition,fx_deconv,ssa_decomposition,M1_signed,noise,N3,90,0.13662879427704822
fx_deconv|ssa_decomposition,fx_deconv,ssa_decomposition,M1_signed,level,L1,90,0.4898587978130644
fx_deconv|ssa_decomposition,fx_deconv,ssa_decomposition,M1_signed,level,L2,90,0.4217989252239907
fx_deconv|ssa_decomposition,fx_deconv,ssa_decomposition,M1_signed,level,L3,90,0.3284051120466175
fx_deconv|ssa_decomposition,fx_deconv,ssa_decomposition,M1_signed,f_main,15,90,0.28214056674725313
fx_deconv|ssa_decomposition,fx_deconv,ssa_decomposition,M1_signed,f_main,25,90,0.37910582665859405
fx_deconv|ssa_decomposition,fx_deconv,ssa_decomposition,M1_signed,f_main,40,90,0.5899684245906888
fx_deconv|ssa_decomposition,fx_deconv,ssa_decomposition,M1_signed,model_x_noise,M1_N1,45,0.7695453728290851
fx_deconv|ssa_decomposition,fx_deconv,ssa_decomposition,M1_signed,model_x_noise,M1_N2,45,0.3761744548493059
fx_deconv|ssa_decomposition,fx_deconv,ssa_decomposition,M1_signed,model_x_noise,M1_N3,45,0.172118903830336
fx_deconv|ssa_decomposition,fx_deconv,ssa_decomposition,M1_signed,model_x_noise,M2_N1,45,0.8096524970770489
fx_deconv|ssa_decomposition,fx_deconv,ssa_decomposition,M1_signed,model_x_noise,M2_N2,45,0.2962434390332366
fx_deconv|ssa_decomposition,fx_deconv,ssa_decomposition,M1_signed,model_x_noise,M2_N3,45,0.12564978907802438
fx_deconv|ssa_decomposition,fx_deconv,ssa_decomposition,M2,global,global,270,0.0
fx_deconv|ssa_decomposition,fx_deconv,ssa_decomposition,M2,model,M1,135,0.06666666666666667
fx_deconv|ssa_decomposition,fx_deconv,ssa_decomposition,M2,model,M2,135,0.0
fx_deconv|ssa_decomposition,fx_deconv,ssa_decomposition,M2,noise,N1,90,0.0
fx_deconv|ssa_decomposition,fx_deconv,ssa_decomposition,M2,noise,N2,90,0.0
fx_deconv|ssa_decomposition,fx_deconv,ssa_decomposition,M2,noise,N3,90,0.0
fx_deconv|ssa_decomposition,fx_deconv,ssa_decomposition,M2,level,L1,90,0.0
fx_deconv|ssa_decomposition,fx_deconv,ssa_decomposition,M2,level,L2,90,0.0
fx_deconv|ssa_decomposition,fx_deconv,ssa_decomposition,M2,level,L3,90,0.0
fx_deconv|ssa_decomposition,fx_deconv,ssa_decomposition,M2,f_main,15,90,0.0
fx_deconv|ssa_decomposition,fx_deconv,ssa_decomposition,M2,f_main,25,90,0.0
fx_deconv|ssa_decomposition,fx_deconv,ssa_decomposition,M2,f_main,40,90,0.18373071528751753
fx_deconv|ssa_decomposition,fx_deconv,ssa_decomposition,M2,model_x_noise,M1_N1,45,0.09090909090909091
fx_deconv|ssa_decomposition,fx_deconv,ssa_decomposition,M2,model_x_noise,M1_N2,45,0.0625
fx_deconv|ssa_decomposition,fx_deconv,ssa_decomposition,M2,model_x_noise,M1_N3,45,0.0
fx_deconv|ssa_decomposition,fx_deconv,ssa_decomposition,M2,model_x_noise,M2_N1,45,0.0
fx_deconv|ssa_decomposition,fx_deconv,ssa_decomposition,M2,model_x_noise,M2_N2,45,0.0
fx_deconv|ssa_decomposition,fx_deconv,ssa_decomposition,M2,model_x_noise,M2_N3,45,0.0
fx_deconv|ssa_decomposition,fx_deconv,ssa_decomposition,M3,global,global,270,0.04491024368991763
fx_deconv|ssa_decomposition,fx_deconv,ssa_decomposition,M3,model,M1,135,0.08981577818949368
fx_deconv|ssa_decomposition,fx_deconv,ssa_decomposition,M3,model,M2,135,0.025616194482772605
fx_deconv|ssa_decomposition,fx_deconv,ssa_decomposition,M3,noise,N1,90,0.02903231890849056
fx_deconv|ssa_decomposition,fx_deconv,ssa_decomposition,M3,noise,N2,90,0.09896170296957423
fx_deconv|ssa_decomposition,fx_deconv,ssa_decomposition,M3,noise,N3,90,0.044925123017611826
fx_deconv|ssa_decomposition,fx_deconv,ssa_decomposition,M3,level,L1,90,0.08929759695757314
fx_deconv|ssa_decomposition,fx_deconv,ssa_decomposition,M3,level,L2,90,0.03905747797065457
fx_deconv|ssa_decomposition,fx_deconv,ssa_decomposition,M3,level,L3,90,0.02953489761158002
fx_deconv|ssa_decomposition,fx_deconv,ssa_decomposition,M3,f_main,15,90,0.058594828578476824
fx_deconv|ssa_decomposition,fx_deconv,ssa_decomposition,M3,f_main,25,90,0.035145362764171906
fx_deconv|ssa_decomposition,fx_deconv,ssa_decomposition,M3,f_main,40,90,0.08063244027114227
fx_deconv|ssa_decomposition,fx_deconv,ssa_decomposition,M3,model_x_noise,M1_N1,45,0.028530822734762658
fx_deconv|ssa_decomposition,fx_deconv,ssa_decomposition,M3,model_x_noise,M1_N2,45,0.10117286492014799
fx_deconv|ssa_decomposition,fx_deconv,ssa_decomposition,M3,model_x_noise,M1_N3,45,0.10784889864084915
fx_deconv|ssa_decomposition,fx_deconv,ssa_decomposition,M3,model_x_noise,M2_N1,45,0.02998343189080775
fx_deconv|ssa_decomposition,fx_deconv,ssa_decomposition,M3,model_x_noise,M2_N2,45,0.02501392704042121
fx_deconv|ssa_decomposition,fx_deconv,ssa_decomposition,M3,model_x_noise,M2_N3,45,0.025616194482772605
fx_deconv|svd_lowrank,fx_deconv,svd_lowrank,M1,global,global,270,0.5757102392171617
fx_deconv|svd_lowrank,fx_deconv,svd_lowrank,M1,model,M1,135,0.7177865151924083
fx_deconv|svd_lowrank,fx_deconv,svd_lowrank,M1,model,M2,135,0.5027371212301586
fx_deconv|svd_lowrank,fx_deconv,svd_lowrank,M1,noise,N1,90,0.7991485571099576
fx_deconv|svd_lowrank,fx_deconv,svd_lowrank,M1,noise,N2,90,0.5757102392171617
fx_deconv|svd_lowrank,fx_deconv,svd_lowrank,M1,noise,N3,90,0.12100318708889701
fx_deconv|svd_lowrank,fx_deconv,svd_lowrank,M1,level,L1,90,0.5825629002616487
fx_deconv|svd_lowrank,fx_deconv,svd_lowrank,M1,level,L2,90,0.5760513326092561
fx_deconv|svd_lowrank,fx_deconv,svd_lowrank,M1,level,L3,90,0.5748845950853654
fx_deconv|svd_lowrank,fx_deconv,svd_lowrank,M1,f_main,15,90,0.7475195700815567
fx_deconv|svd_lowrank,fx_deconv,svd_lowrank,M1,f_main,25,90,0.5518252516288589
fx_deconv|svd_lowrank,fx_deconv,svd_lowrank,M1,f_main,40,90,0.3683401840265255
fx_deconv|svd_lowrank,fx_deconv,svd_lowrank,M1,model_x_noise,M1_N1,45,0.7753308873115499
fx_deconv|svd_lowrank,fx_deconv,svd_lowrank,M1,model_x_noise,M1_N2,45,0.8997825997317933
fx_deconv|svd_lowrank,fx_deconv,svd_lowrank,M1,model_x_noise,M1_N3,45,0.0954996358273471
fx_deconv|svd_lowrank,fx_deconv,svd_lowrank,M1,model_x_noise,M2_N1,45,0.8167105510116488
fx_deconv|svd_lowrank,fx_deconv,svd_lowrank,M1,model_x_noise,M2_N2,45,0.5027371212301586
fx_deconv|svd_lowrank,fx_deconv,svd_lowrank,M1,model_x_noise,M2_N3,45,0.1489455861265837
fx_deconv|svd_lowrank,fx_deconv,svd_lowrank,M1_signed,global,global,270,0.5757102392171617
fx_deconv|svd_lowrank,fx_deconv,svd_lowrank,M1_signed,model,M1,135,0.7177865151924083
fx_deconv|svd_lowrank,fx_deconv,svd_lowrank,M1_signed,model,M2,135,0.5027371212301586
fx_deconv|svd_lowrank,fx_deconv,svd_lowrank,M1_signed,noise,N1,90,0.7991485571099576
fx_deconv|svd_lowrank,fx_deconv,svd_lowrank,M1_signed,noise,N2,90,0.5757102392171617
fx_deconv|svd_lowrank,fx_deconv,svd_lowrank,M1_signed,noise,N3,90,0.12100318708889701
fx_deconv|svd_lowrank,fx_deconv,svd_lowrank,M1_signed,level,L1,90,0.5825629002616487
fx_deconv|svd_lowrank,fx_deconv,svd_lowrank,M1_signed,level,L2,90,0.5760513326092561
fx_deconv|svd_lowrank,fx_deconv,svd_lowrank,M1_signed,level,L3,90,0.5748845950853654
fx_deconv|svd_lowrank,fx_deconv,svd_lowrank,M1_signed,f_main,15,90,0.7475195700815567
fx_deconv|svd_lowrank,fx_deconv,svd_lowrank,M1_signed,f_main,25,90,0.5518252516288589
fx_deconv|svd_lowrank,fx_deconv,svd_lowrank,M1_signed,f_main,40,90,0.3683401840265255
fx_deconv|svd_lowrank,fx_deconv,svd_lowrank,M1_signed,model_x_noise,M1_N1,45,0.7753308873115499
fx_deconv|svd_lowrank,fx_deconv,svd_lowrank,M1_signed,model_x_noise,M1_N2,45,0.8997825997317933
fx_deconv|svd_lowrank,fx_deconv,svd_lowrank,M1_signed,model_x_noise,M1_N3,45,0.0954996358273471
fx_deconv|svd_lowrank,fx_deconv,svd_lowrank,M1_signed,model_x_noise,M2_N1,45,0.8167105510116488
fx_deconv|svd_lowrank,fx_deconv,svd_lowrank,M1_signed,model_x_noise,M2_N2,45,0.5027371212301586
fx_deconv|svd_lowrank,fx_deconv,svd_lowrank,M1_signed,model_x_noise,M2_N3,45,0.1489455861265837
fx_deconv|svd_lowrank,fx_deconv,svd_lowrank,M2,global,global,270,0.1111111111111111
fx_deconv|svd_lowrank,fx_deconv,svd_lowrank,M2,model,M1,135,0.06666666666666667
fx_deconv|svd_lowrank,fx_deconv,svd_lowrank,M2,model,M2,135,0.2222222222222222
fx_deconv|svd_lowrank,fx_deconv,svd_lowrank,M2,noise,N1,90,0.0
fx_deconv|svd_lowrank,fx_deconv,svd_lowrank,M2,noise,N2,90,0.19375
fx_deconv|svd_lowrank,fx_deconv,svd_lowrank,M2,noise,N3,90,0.2361111111111111
fx_deconv|svd_lowrank,fx_deconv,svd_lowrank,M2,level,L1,90,0.2361111111111111
fx_deconv|svd_lowrank,fx_deconv,svd_lowrank,M2,level,L2,90,0.07019704433497537
fx_deconv|svd_lowrank,fx_deconv,svd_lowrank,M2,level,L3,90,0.09903381642512077
fx_deconv|svd_lowrank,fx_deconv,svd_lowrank,M2,f_main,15,90,0.0
fx_deconv|svd_lowrank,fx_deconv,svd_lowrank,M2,f_main,25,90,0.14285714285714285
fx_deconv|svd_lowrank,fx_deconv,svd_lowrank,M2,f_main,40,90,0.15476190476190477
fx_deconv|svd_lowrank,fx_deconv,svd_lowrank,M2,model_x_noise,M1_N1,45,0.09523809523809523
fx_deconv|svd_lowrank,fx_deconv,svd_lowrank,M2,model_x_noise,M1_N2,45,0.0
fx_deconv|svd_lowrank,fx_deconv,svd_lowrank,M2,model_x_noise,M1_N3,45,0.08695652173913043
fx_deconv|svd_lowrank,fx_deconv,svd_lowrank,M2,model_x_noise,M2_N1,45,0.0
fx_deconv|svd_lowrank,fx_deconv,svd_lowrank,M2,model_x_noise,M2_N2,45,0.375
fx_deconv|svd_lowrank,fx_deconv,svd_lowrank,M2,model_x_noise,M2_N3,45,0.3333333333333333
fx_deconv|svd_lowrank,fx_deconv,svd_lowrank,M3,global,global,270,0.03313370129359636
fx_deconv|svd_lowrank,fx_deconv,svd_lowrank,M3,model,M1,135,0.025602176664904767
fx_deconv|svd_lowrank,fx_deconv,svd_lowrank,M3,model,M2,135,0.0492789986411303
fx_deconv|svd_lowrank,fx_deconv,svd_lowrank,M3,noise,N1,90,0.03178458508281584
fx_deconv|svd_lowrank,fx_deconv,svd_lowrank,M3,noise,N2,90,0.11501605746408053
fx_deconv|svd_lowrank,fx_deconv,svd_lowrank,M3,noise,N3,90,0.007014428889144832
fx_deconv|svd_lowrank,fx_deconv,svd_lowrank,M3,level,L1,90,0.055555349826323694
fx_deconv|svd_lowrank,fx_deconv,svd_lowrank,M3,level,L2,90,0.026299798065394703
fx_deconv|svd_lowrank,fx_deconv,svd_lowrank,M3,level,L3,90,0.02217741073074829
fx_deconv|svd_lowrank,fx_deconv,svd_lowrank,M3,f_main,15,90,0.07101609862286329
fx_deconv|svd_lowrank,fx_deconv,svd_lowrank,M3,f_main,25,90,0.03533087218840579
fx_deconv|svd_lowrank,fx_deconv,svd_lowrank,M3,f_main,40,90,0.022452937503545996
fx_deconv|svd_lowrank,fx_deconv,svd_lowrank,M3,model_x_noise,M1_N1,45,0.014295092526020216
fx_deconv|svd_lowrank,fx_deconv,svd_lowrank,M3,model_x_noise,M1_N2,45,0.11737544370404687
fx_deconv|svd_lowrank,fx_deconv,svd_lowrank,M3,model_x_noise,M1_N3,45,0.0038655750471567165
fx_deconv|svd_lowrank,fx_deconv,svd_lowrank,M3,model_x_noise,M2_N1,45,0.07519441831786733
fx_deconv|svd_lowrank,fx_deconv,svd_lowrank,M3,model_x_noise,M2_N2,45,0.05600248344748758
fx_deconv|svd_lowrank,fx_deconv,svd_lowrank,M3,model_x_noise,M2_N3,45,0.007612385884471599
wavelet_threshold|ssa_decomposition,wavelet_threshold,ssa_decomposition,M1,global,global,270,0.2686505289431321
wavelet_threshold|ssa_decomposition,wavelet_threshold,ssa_decomposition,M1,model,M1,135,0.33942206104200623
wavelet_threshold|ssa_decomposition,wavelet_threshold,ssa_decomposition,M1,model,M2,135,0.2060685136681648
wavelet_threshold|ssa_decomposition,wavelet_threshold,ssa_decomposition,M1,noise,N1,90,0.3398020240550103
wavelet_threshold|ssa_decomposition,wavelet_threshold,ssa_decomposition,M1,noise,N2,90,0.26477355129711966
wavelet_threshold|ssa_decomposition,wavelet_threshold,ssa_decomposition,M1,noise,N3,90,0.07506630343367943
wavelet_threshold|ssa_decomposition,wavelet_threshold,ssa_decomposition,M1,level,L1,90,0.3544905528040733
wavelet_threshold|ssa_decomposition,wavelet_threshold,ssa_decomposition,M1,level,L2,90,0.2772572431621907
wavelet_threshold|ssa_decomposition,wavelet_threshold,ssa_decomposition,M1,level,L3,90,0.24998176638113334
wavelet_threshold|ssa_decomposition,wavelet_threshold,ssa_decomposition,M1,f_main,15,90,0.22573195699079457
wavelet_threshold|ssa_decomposition,wavelet_threshold,ssa_decomposition,M1,f_main,25,90,0.289937200575006
wavelet_threshold|ssa_decomposition,wavelet_threshold,ssa_decomposition,M1,f_main,40,90,0.3751660957475048
wavelet_threshold|ssa_decomposition,wavelet_threshold,ssa_decomposition,M1,model_x_noise,M1_N1,45,0.3657542811105775
wavelet_threshold|ssa_decomposition,wavelet_threshold,ssa_decomposition,M1,model_x_noise,M1_N2,45,0.37619246899287917
wavelet_threshold|ssa_decomposition,wavelet_threshold,ssa_decomposition,M1,model_x_noise,M1_N3,45,0.1699388528097756
wavelet_threshold|ssa_decomposition,wavelet_threshold,ssa_decomposition,M1,model_x_noise,M2_N1,45,0.29914053901704785
wavelet_threshold|ssa_decomposition,wavelet_threshold,ssa_decomposition,M1,model_x_noise,M2_N2,45,0.1923804654669964
wavelet_threshold|ssa_decomposition,wavelet_threshold,ssa_decomposition,M1,model_x_noise,M2_N3,45,0.042926767989363235
wavelet_threshold|ssa_decomposition,wavelet_threshold,ssa_decomposition,M1_signed,global,global,270,0.2686505289431321
wavelet_threshold|ssa_decomposition,wavelet_threshold,ssa_decomposition,M1_signed,model,M1,135,0.33942206104200623
wavelet_threshold|ssa_decomposition,wavelet_threshold,ssa_decomposition,M1_signed,model,M2,135,0.2060685136681648
wavelet_threshold|ssa_decomposition,wavelet_threshold,ssa_decomposition,M1_signed,noise,N1,90,0.3398020240550103
wavelet_threshold|ssa_decomposition,wavelet_threshold,ssa_decomposition,M1_signed,noise,N2,90,0.26477355129711966
wavelet_threshold|ssa_decomposition,wavelet_threshold,ssa_decomposition,M1_signed,noise,N3,90,0.07506630343367943
wavelet_threshold|ssa_decomposition,wavelet_threshold,ssa_decomposition,M1_signed,level,L1,90,0.3544905528040733
wavelet_threshold|ssa_decomposition,wavelet_threshold,ssa_decomposition,M1_signed,level,L2,90,0.2772572431621907
wavelet_threshold|ssa_decomposition,wavelet_threshold,ssa_decomposition,M1_signed,level,L3,90,0.24998176638113334
wavelet_threshold|ssa_decomposition,wavelet_threshold,ssa_decomposition,M1_signed,f_main,15,90,0.22573195699079457
wavelet_threshold|ssa_decomposition,wavelet_threshold,ssa_decomposition,M1_signed,f_main,25,90,0.289937200575006
wavelet_threshold|ssa_decomposition,wavelet_threshold,ssa_decomposition,M1_signed,f_main,40,90,0.3751660957475048
wavelet_threshold|ssa_decomposition,wavelet_threshold,ssa_decomposition,M1_signed,model_x_noise,M1_N1,45,0.3657542811105775
wavelet_threshold|ssa_decomposition,wavelet_threshold,ssa_decomposition,M1_signed,model_x_noise,M1_N2,45,0.37619246899287917
wavelet_threshold|ssa_decomposition,wavelet_threshold,ssa_decomposition,M1_signed,model_x_noise,M1_N3,45,0.1699388528097756
wavelet_threshold|ssa_decomposition,wavelet_threshold,ssa_decomposition,M1_signed,model_x_noise,M2_N1,45,0.29914053901704785
wavelet_threshold|ssa_decomposition,wavelet_threshold,ssa_decomposition,M1_signed,model_x_noise,M2_N2,45,0.1923804654669964
wavelet_threshold|ssa_decomposition,wavelet_threshold,ssa_decomposition,M1_signed,model_x_noise,M2_N3,45,0.042926767989363235
wavelet_threshold|ssa_decomposition,wavelet_threshold,ssa_decomposition,M2,global,global,270,0.0
wavelet_threshold|ssa_decomposition,wavelet_threshold,ssa_decomposition,M2,model,M1,135,0.047619047619047616
wavelet_threshold|ssa_decomposition,wavelet_threshold,ssa_decomposition,M2,model,M2,135,0.0
wavelet_threshold|ssa_decomposition,wavelet_threshold,ssa_decomposition,M2,noise,N1,90,0.0
wavelet_threshold|ssa_decomposition,wavelet_threshold,ssa_decomposition,M2,noise,N2,90,0.0
wavelet_threshold|ssa_decomposition,wavelet_threshold,ssa_decomposition,M2,noise,N3,90,0.0
wavelet_threshold|ssa_decomposition,wavelet_threshold,ssa_decomposition,M2,level,L1,90,0.0
wavelet_threshold|ssa_decomposition,wavelet_threshold,ssa_decomposition,M2,level,L2,90,0.0
wavelet_threshold|ssa_decomposition,wavelet_threshold,ssa_decomposition,M2,level,L3,90,0.0
wavelet_threshold|ssa_decomposition,wavelet_threshold,ssa_decomposition,M2,f_main,15,90,0.0
wavelet_threshold|ssa_decomposition,wavelet_threshold,ssa_decomposition,M2,f_main,25,90,0.0
wavelet_threshold|ssa_decomposition,wavelet_threshold,ssa_decomposition,M2,f_main,40,90,0.12903225806451613
wavelet_threshold|ssa_decomposition,wavelet_threshold,ssa_decomposition,M2,model_x_noise,M1_N1,45,0.043478260869565216
wavelet_threshold|ssa_decomposition,wavelet_threshold,ssa_decomposition,M2,model_x_noise,M1_N2,45,0.0625
wavelet_threshold|ssa_decomposition,wavelet_threshold,ssa_decomposition,M2,model_x_noise,M1_N3,45,0.0
wavelet_threshold|ssa_decomposition,wavelet_threshold,ssa_decomposition,M2,model_x_noise,M2_N1,45,0.0
wavelet_threshold|ssa_decomposition,wavelet_threshold,ssa_decomposition,M2,model_x_noise,M2_N2,45,0.0
wavelet_threshold|ssa_decomposition,wavelet_threshold,ssa_decomposition,M2,model_x_noise,M2_N3,45,0.0
wavelet_threshold|ssa_decomposition,wavelet_threshold,ssa_decomposition,M3,global,global,270,0.06378238714296246
wavelet_threshold|ssa_decomposition,wavelet_threshold,ssa_decomposition,M3,model,M1,135,0.09659133599282112
wavelet_threshold|ssa_decomposition,wavelet_threshold,ssa_decomposition,M3,model,M2,135,0.033282991063308745
wavelet_threshold|ssa_decomposition,wavelet_threshold,ssa_decomposition,M3,noise,N1,90,0.06172017911018155
wavelet_threshold|ssa_decomposition,wavelet_threshold,ssa_decomposition,M3,noise,N2,90,0.09383901207511416
wavelet_threshold|ssa_decomposition,wavelet_threshold,ssa_decomposition,M3,noise,N3,90,0.04848384749171935
wavelet_threshold|ssa_decomposition,wavelet_threshold,ssa_decomposition,M3,level,L1,90,0.0868628190597018
wavelet_threshold|ssa_decomposition,wavelet_threshold,ssa_decomposition,M3,level,L2,90,0.08141645014202681
wavelet_threshold|ssa_decomposition,wavelet_threshold,ssa_decomposition,M3,level,L3,90,0.05087891555886501
wavelet_threshold|ssa_decomposition,wavelet_threshold,ssa_decomposition,M3,f_main,15,90,0.09271618482509691
wavelet_threshold|ssa_decomposition,wavelet_threshold,ssa_decomposition,M3,f_main,25,90,0.057412595744264966
wavelet_threshold|ssa_decomposition,wavelet_threshold,ssa_decomposition,M3,f_main,40,90,0.06278795842467078
wavelet_threshold|ssa_decomposition,wavelet_threshold,ssa_decomposition,M3,model_x_noise,M1_N1,45,0.06716051468006894
wavelet_threshold|ssa_decomposition,wavelet_threshold,ssa_decomposition,M3,model_x_noise,M1_N2,45,0.10117369187595465
wavelet_threshold|ssa_decomposition,wavelet_threshold,ssa_decomposition,M3,model_x_noise,M1_N3,45,0.10687245517624983
wavelet_threshold|ssa_decomposition,wavelet_threshold,ssa_decomposition,M3,model_x_noise,M2_N1,45,0.04578227592407692
wavelet_threshold|ssa_decomposition,wavelet_threshold,ssa_decomposition,M3,model_x_noise,M2_N2,45,0.029078920338910352
wavelet_threshold|ssa_decomposition,wavelet_threshold,ssa_decomposition,M3,model_x_noise,M2_N3,45,0.024183840281084824
wavelet_threshold|svd_lowrank,wavelet_threshold,svd_lowrank,M1,global,global,270,0.1574709733904735
wavelet_threshold|svd_lowrank,wavelet_threshold,svd_lowrank,M1,model,M1,135,0.30741636325834065
wavelet_threshold|svd_lowrank,wavelet_threshold,svd_lowrank,M1,model,M2,135,0.12671557567462488
wavelet_threshold|svd_lowrank,wavelet_threshold,svd_lowrank,M1,noise,N1,90,0.12547745754266182
wavelet_threshold|svd_lowrank,wavelet_threshold,svd_lowrank,M1,noise,N2,90,0.5220568948555673
wavelet_threshold|svd_lowrank,wavelet_threshold,svd_lowrank,M1,noise,N3,90,0.09359959047090294
wavelet_threshold|svd_lowrank,wavelet_threshold,svd_lowrank,M1,level,L1,90,0.36783964972484184
wavelet_threshold|svd_lowrank,wavelet_threshold,svd_lowrank,M1,level,L2,90,0.12525448178786858
wavelet_threshold|svd_lowrank,wavelet_threshold,svd_lowrank,M1,level,L3,90,0.0803848415741712
wavelet_threshold|svd_lowrank,wavelet_threshold,svd_lowrank,M1,f_main,15,90,0.3523057491707552
wavelet_threshold|svd_lowrank,wavelet_threshold,svd_lowrank,M1,f_main,25,90,0.17869503019949612
wavelet_threshold|svd_lowrank,wavelet_threshold,svd_lowrank,M1,f_main,40,90,0.13373356969953554
wavelet_threshold|svd_lowrank,wavelet_threshold,svd_lowrank,M1,model_x_noise,M1_N1,45,0.12944720758449368
wavelet_threshold|svd_lowrank,wavelet_threshold,svd_lowrank,M1,model_x_noise,M1_N2,45,0.8997825998637656
wavelet_threshold|svd_lowrank,wavelet_threshold,svd_lowrank,M1,model_x_noise,M1_N3,45,0.09428777917258657
wavelet_threshold|svd_lowrank,wavelet_threshold,svd_lowrank,M1,model_x_noise,M2_N1,45,0.12409447371995042
wavelet_threshold|svd_lowrank,wavelet_threshold,svd_lowrank,M1,model_x_noise,M2_N2,45,0.3967255184832663
wavelet_threshold|svd_lowrank,wavelet_threshold,svd_lowrank,M1,model_x_noise,M2_N3,45,0.09327252894412674
wavelet_threshold|svd_lowrank,wavelet_threshold,svd_lowrank,M1_signed,global,global,270,0.1574709733904735
wavelet_threshold|svd_lowrank,wavelet_threshold,svd_lowrank,M1_signed,model,M1,135,0.30741636325834065
wavelet_threshold|svd_lowrank,wavelet_threshold,svd_lowrank,M1_signed,model,M2,135,0.12671557567462488
wavelet_threshold|svd_lowrank,wavelet_threshold,svd_lowrank,M1_signed,noise,N1,90,0.12547745754266182
wavelet_threshold|svd_lowrank,wavelet_threshold,svd_lowrank,M1_signed,noise,N2,90,0.5220568948555673
wavelet_threshold|svd_lowrank,wavelet_threshold,svd_lowrank,M1_signed,noise,N3,90,0.09359959047090294
wavelet_threshold|svd_lowrank,wavelet_threshold,svd_lowrank,M1_signed,level,L1,90,0.36783964972484184
wavelet_threshold|svd_lowrank,wavelet_threshold,svd_lowrank,M1_signed,level,L2,90,0.12525448178786858
wavelet_threshold|svd_lowrank,wavelet_threshold,svd_lowrank,M1_signed,level,L3,90,0.0803848415741712
wavelet_threshold|svd_lowrank,wavelet_threshold,svd_lowrank,M1_signed,f_main,15,90,0.3523057491707552
wavelet_threshold|svd_lowrank,wavelet_threshold,svd_lowrank,M1_signed,f_main,25,90,0.17869503019949612
wavelet_threshold|svd_lowrank,wavelet_threshold,svd_lowrank,M1_signed,f_main,40,90,0.13373356969953554
wavelet_threshold|svd_lowrank,wavelet_threshold,svd_lowrank,M1_signed,model_x_noise,M1_N1,45,0.12944720758449368
wavelet_threshold|svd_lowrank,wavelet_threshold,svd_lowrank,M1_signed,model_x_noise,M1_N2,45,0.8997825998637656
wavelet_threshold|svd_lowrank,wavelet_threshold,svd_lowrank,M1_signed,model_x_noise,M1_N3,45,0.09428777917258657
wavelet_threshold|svd_lowrank,wavelet_threshold,svd_lowrank,M1_signed,model_x_noise,M2_N1,45,0.12409447371995042
wavelet_threshold|svd_lowrank,wavelet_threshold,svd_lowrank,M1_signed,model_x_noise,M2_N2,45,0.3967255184832663
wavelet_threshold|svd_lowrank,wavelet_threshold,svd_lowrank,M1_signed,model_x_noise,M2_N3,45,0.09327252894412674
wavelet_threshold|svd_lowrank,wavelet_threshold,svd_lowrank,M2,global,global,270,0.0
wavelet_threshold|svd_lowrank,wavelet_threshold,svd_lowrank,M2,model,M1,135,0.0625
wavelet_threshold|svd_lowrank,wavelet_threshold,svd_lowrank,M2,model,M2,135,0.0
wavelet_threshold|svd_lowrank,wavelet_threshold,svd_lowrank,M2,noise,N1,90,0.0
wavelet_threshold|svd_lowrank,wavelet_threshold,svd_lowrank,M2,noise,N2,90,0.2857142857142857
wavelet_threshold|svd_lowrank,wavelet_threshold,svd_lowrank,M2,noise,N3,90,0.0
wavelet_threshold|svd_lowrank,wavelet_threshold,svd_lowrank,M2,level,L1,90,0.0
wavelet_threshold|svd_lowrank,wavelet_threshold,svd_lowrank,M2,level,L2,90,0.0
wavelet_threshold|svd_lowrank,wavelet_threshold,svd_lowrank,M2,level,L3,90,0.039938556067588324
wavelet_threshold|svd_lowrank,wavelet_threshold,svd_lowrank,M2,f_main,15,90,0.0
wavelet_threshold|svd_lowrank,wavelet_threshold,svd_lowrank,M2,f_main,25,90,0.0
wavelet_threshold|svd_lowrank,wavelet_threshold,svd_lowrank,M2,f_main,40,90,0.047619047619047616
wavelet_threshold|svd_lowrank,wavelet_threshold,svd_lowrank,M2,model_x_noise,M1_N1,45,0.043478260869565216
wavelet_threshold|svd_lowrank,wavelet_threshold,svd_lowrank,M2,model_x_noise,M1_N2,45,0.0
wavelet_threshold|svd_lowrank,wavelet_threshold,svd_lowrank,M2,model_x_noise,M1_N3,45,0.1111111111111111
wavelet_threshold|svd_lowrank,wavelet_threshold,svd_lowrank,M2,model_x_noise,M2_N1,45,0.0
wavelet_threshold|svd_lowrank,wavelet_threshold,svd_lowrank,M2,model_x_noise,M2_N2,45,0.4444444444444444
wavelet_threshold|svd_lowrank,wavelet_threshold,svd_lowrank,M2,model_x_noise,M2_N3,45,0.0
wavelet_threshold|svd_lowrank,wavelet_threshold,svd_lowrank,M3,global,global,270,0.0046078538026142445
wavelet_threshold|svd_lowrank,wavelet_threshold,svd_lowrank,M3,model,M1,135,0.004020645652785692
wavelet_threshold|svd_lowrank,wavelet_threshold,svd_lowrank,M3,model,M2,135,0.0046292766606923184
wavelet_threshold|svd_lowrank,wavelet_threshold,svd_lowrank,M3,noise,N1,90,0.0014935126185649337
wavelet_threshold|svd_lowrank,wavelet_threshold,svd_lowrank,M3,noise,N2,90,0.11520149481616691
wavelet_threshold|svd_lowrank,wavelet_threshold,svd_lowrank,M3,noise,N3,90,0.004999165511147275
wavelet_threshold|svd_lowrank,wavelet_threshold,svd_lowrank,M3,level,L1,90,0.024390043517162417
wavelet_threshold|svd_lowrank,wavelet_threshold,svd_lowrank,M3,level,L2,90,0.004977742653069201
wavelet_threshold|svd_lowrank,wavelet_threshold,svd_lowrank,M3,level,L3,90,0.001826254155196638
wavelet_threshold|svd_lowrank,wavelet_threshold,svd_lowrank,M3,f_main,15,90,0.004330549160177163
wavelet_threshold|svd_lowrank,wavelet_threshold,svd_lowrank,M3,f_main,25,90,0.00421952283886849
wavelet_threshold|svd_lowrank,wavelet_threshold,svd_lowrank,M3,f_main,40,90,0.0053585218609710945
wavelet_threshold|svd_lowrank,wavelet_threshold,svd_lowrank,M3,model_x_noise,M1_N1,45,0.0014648643345123655
wavelet_threshold|svd_lowrank,wavelet_threshold,svd_lowrank,M3,model_x_noise,M1_N2,45,0.1173719928937117
wavelet_threshold|svd_lowrank,wavelet_threshold,svd_lowrank,M3,model_x_noise,M1_N3,45,0.004020645652785692
wavelet_threshold|svd_lowrank,wavelet_threshold,svd_lowrank,M3,model_x_noise,M2_N1,45,0.0015038466714195411
wavelet_threshold|svd_lowrank,wavelet_threshold,svd_lowrank,M3,model_x_noise,M2_N2,45,0.049236392203155226
wavelet_threshold|svd_lowrank,wavelet_threshold,svd_lowrank,M3,model_x_noise,M2_N3,45,0.005810436362490204
ssa_decomposition|svd_lowrank,ssa_decomposition,svd_lowrank,M1,global,global,270,0.40687921338173016
ssa_decomposition|svd_lowrank,ssa_decomposition,svd_lowrank,M1,model,M1,135,0.5565947588637797
ssa_decomposition|svd_lowrank,ssa_decomposition,svd_lowrank,M1,model,M2,135,0.34706840270967365
ssa_decomposition|svd_lowrank,ssa_decomposition,svd_lowrank,M1,noise,N1,90,0.4191571283818727
ssa_decomposition|svd_lowrank,ssa_decomposition,svd_lowrank,M1,noise,N2,90,0.6812454142548849
ssa_decomposition|svd_lowrank,ssa_decomposition,svd_lowrank,M1,noise,N3,90,0.20566731124423437
ssa_decomposition|svd_lowrank,ssa_decomposition,svd_lowrank,M1,level,L1,90,0.6025627926759507
ssa_decomposition|svd_lowrank,ssa_decomposition,svd_lowrank,M1,level,L2,90,0.3840667819750063
ssa_decomposition|svd_lowrank,ssa_decomposition,svd_lowrank,M1,level,L3,90,0.28900456123773144
ssa_decomposition|svd_lowrank,ssa_decomposition,svd_lowrank,M1,f_main,15,90,0.36947439305704377
ssa_decomposition|svd_lowrank,ssa_decomposition,svd_lowrank,M1,f_main,25,90,0.4074774149480269
ssa_decomposition|svd_lowrank,ssa_decomposition,svd_lowrank,M1,f_main,40,90,0.5061135662434912
ssa_decomposition|svd_lowrank,ssa_decomposition,svd_lowrank,M1,model_x_noise,M1_N1,45,0.4638553728639292
ssa_decomposition|svd_lowrank,ssa_decomposition,svd_lowrank,M1,model_x_noise,M1_N2,45,0.8937907723132772
ssa_decomposition|svd_lowrank,ssa_decomposition,svd_lowrank,M1,model_x_noise,M1_N3,45,0.2549263228481742
ssa_decomposition|svd_lowrank,ssa_decomposition,svd_lowrank,M1,model_x_noise,M2_N1,45,0.3753919867589667
ssa_decomposition|svd_lowrank,ssa_decomposition,svd_lowrank,M1,model_x_noise,M2_N2,45,0.4000279268048791
ssa_decomposition|svd_lowrank,ssa_decomposition,svd_lowrank,M1,model_x_noise,M2_N3,45,0.139889555058071
ssa_decomposition|svd_lowrank,ssa_decomposition,svd_lowrank,M1_signed,global,global,270,0.40687921338173016
ssa_decomposition|svd_lowrank,ssa_decomposition,svd_lowrank,M1_signed,model,M1,135,0.5565947588637797
ssa_decomposition|svd_lowrank,ssa_decomposition,svd_lowrank,M1_signed,model,M2,135,0.34706840270967365
ssa_decomposition|svd_lowrank,ssa_decomposition,svd_lowrank,M1_signed,noise,N1,90,0.4191571283818727
ssa_decomposition|svd_lowrank,ssa_decomposition,svd_lowrank,M1_signed,noise,N2,90,0.6812454142548849
ssa_decomposition|svd_lowrank,ssa_decomposition,svd_lowrank,M1_signed,noise,N3,90,0.20566731124423437
ssa_decomposition|svd_lowrank,ssa_decomposition,svd_lowrank,M1_signed,level,L1,90,0.6025627926759507
ssa_decomposition|svd_lowrank,ssa_decomposition,svd_lowrank,M1_signed,level,L2,90,0.3840667819750063
ssa_decomposition|svd_lowrank,ssa_decomposition,svd_lowrank,M1_signed,level,L3,90,0.28900456123773144
ssa_decomposition|svd_lowrank,ssa_decomposition,svd_lowrank,M1_signed,f_main,15,90,0.36947439305704377
ssa_decomposition|svd_lowrank,ssa_decomposition,svd_lowrank,M1_signed,f_main,25,90,0.4074774149480269
ssa_decomposition|svd_lowrank,ssa_decomposition,svd_lowrank,M1_signed,f_main,40,90,0.5061135662434912
ssa_decomposition|svd_lowrank,ssa_decomposition,svd_lowrank,M1_signed,model_x_noise,M1_N1,45,0.4638553728639292
ssa_decomposition|svd_lowrank,ssa_decomposition,svd_lowrank,M1_signed,model_x_noise,M1_N2,45,0.8937907723132772
ssa_decomposition|svd_lowrank,ssa_decomposition,svd_lowrank,M1_signed,model_x_noise,M1_N3,45,0.2549263228481742
ssa_decomposition|svd_lowrank,ssa_decomposition,svd_lowrank,M1_signed,model_x_noise,M2_N1,45,0.3753919867589667
ssa_decomposition|svd_lowrank,ssa_decomposition,svd_lowrank,M1_signed,model_x_noise,M2_N2,45,0.4000279268048791
ssa_decomposition|svd_lowrank,ssa_decomposition,svd_lowrank,M1_signed,model_x_noise,M2_N3,45,0.139889555058071
ssa_decomposition|svd_lowrank,ssa_decomposition,svd_lowrank,M2,global,global,270,0.0
ssa_decomposition|svd_lowrank,ssa_decomposition,svd_lowrank,M2,model,M1,135,0.0625
ssa_decomposition|svd_lowrank,ssa_decomposition,svd_lowrank,M2,model,M2,135,0.0
ssa_decomposition|svd_lowrank,ssa_decomposition,svd_lowrank,M2,noise,N1,90,0.0
ssa_decomposition|svd_lowrank,ssa_decomposition,svd_lowrank,M2,noise,N2,90,0.0
ssa_decomposition|svd_lowrank,ssa_decomposition,svd_lowrank,M2,noise,N3,90,0.0
ssa_decomposition|svd_lowrank,ssa_decomposition,svd_lowrank,M2,level,L1,90,0.0
ssa_decomposition|svd_lowrank,ssa_decomposition,svd_lowrank,M2,level,L2,90,0.0
ssa_decomposition|svd_lowrank,ssa_decomposition,svd_lowrank,M2,level,L3,90,0.0
ssa_decomposition|svd_lowrank,ssa_decomposition,svd_lowrank,M2,f_main,15,90,0.0
ssa_decomposition|svd_lowrank,ssa_decomposition,svd_lowrank,M2,f_main,25,90,0.0
ssa_decomposition|svd_lowrank,ssa_decomposition,svd_lowrank,M2,f_main,40,90,0.05263157894736842
ssa_decomposition|svd_lowrank,ssa_decomposition,svd_lowrank,M2,model_x_noise,M1_N1,45,0.05555555555555555
ssa_decomposition|svd_lowrank,ssa_decomposition,svd_lowrank,M2,model_x_noise,M1_N2,45,0.09090909090909091
ssa_decomposition|svd_lowrank,ssa_decomposition,svd_lowrank,M2,model_x_noise,M1_N3,45,0.05555555555555555
ssa_decomposition|svd_lowrank,ssa_decomposition,svd_lowrank,M2,model_x_noise,M2_N1,45,0.0
ssa_decomposition|svd_lowrank,ssa_decomposition,svd_lowrank,M2,model_x_noise,M2_N2,45,0.0
ssa_decomposition|svd_lowrank,ssa_decomposition,svd_lowrank,M2,model_x_noise,M2_N3,45,0.0
ssa_decomposition|svd_lowrank,ssa_decomposition,svd_lowrank,M3,global,global,270,0.07912615087854744
ssa_decomposition|svd_lowrank,ssa_decomposition,svd_lowrank,M3,model,M1,135,0.11529020511385003
ssa_decomposition|svd_lowrank,ssa_decomposition,svd_lowrank,M3,model,M2,135,0.04919869417887968
ssa_decomposition|svd_lowrank,ssa_decomposition,svd_lowrank,M3,noise,N1,90,0.06975207847695333
ssa_decomposition|svd_lowrank,ssa_decomposition,svd_lowrank,M3,noise,N2,90,0.13209851342835469
ssa_decomposition|svd_lowrank,ssa_decomposition,svd_lowrank,M3,noise,N3,90,0.043849591544984065
ssa_decomposition|svd_lowrank,ssa_decomposition,svd_lowrank,M3,level,L1,90,0.10418470881544215
ssa_decomposition|svd_lowrank,ssa_decomposition,svd_lowrank,M3,level,L2,90,0.08308615552961279
ssa_decomposition|svd_lowrank,ssa_decomposition,svd_lowrank,M3,level,L3,90,0.06172022206248755
ssa_decomposition|svd_lowrank,ssa_decomposition,svd_lowrank,M3,f_main,15,90,0.08089204216515512
ssa_decomposition|svd_lowrank,ssa_decomposition,svd_lowrank,M3,f_main,25,90,0.07972055379326753
ssa_decomposition|svd_lowrank,ssa_decomposition,svd_lowrank,M3,f_main,40,90,0.06873123555531095
ssa_decomposition|svd_lowrank,ssa_decomposition,svd_lowrank,M3,model_x_noise,M1_N1,45,0.08010076188714693
ssa_decomposition|svd_lowrank,ssa_decomposition,svd_lowrank,M3,model_x_noise,M1_N2,45,0.22694461703540675
ssa_decomposition|svd_lowrank,ssa_decomposition,svd_lowrank,M3,model_x_noise,M1_N3,45,0.1050077521697237
ssa_decomposition|svd_lowrank,ssa_decomposition,svd_lowrank,M3,model_x_noise,M2_N1,45,0.05317589261317056
ssa_decomposition|svd_lowrank,ssa_decomposition,svd_lowrank,M3,model_x_noise,M2_N2,45,0.08000823363614984
ssa_decomposition|svd_lowrank,ssa_decomposition,svd_lowrank,M3,model_x_noise,M2_N3,45,0.024766918705437707
