panel,pair,pair_i,pair_j,gamma,amp_dev_db,spectral_residual,continuity_gain,lp,n_event_windows
FP1,primary_preregistered,fx_deconv,wavelet_threshold,0.4,-4.538242326568759,0.2026949278083238,1.2118705617525498,0.6975334108584075,1
FP1,primary_preregistered,fx_deconv,wavelet_threshold,0.5,-4.533607757871425,0.1993930182044284,1.2099134261141862,0.6974422017285995,1
FP1,primary_preregistered,fx_deconv,wavelet_threshold,0.6,-4.51107019281083,0.1959378185016781,1.2078235259826993,0.6973909734426963,1
FP1,control_preregistered,fx_deconv,svd_lowrank,0.4,-10.340605845040185,0.22807274933613847,1.2287579948026093,0.6592688922008063,1
FP1,control_preregistered,fx_deconv,svd_lowrank,0.5,-10.338550850011947,0.22490922618681597,1.2267986725172488,0.6584081424023447,1
FP1,control_preregistered,fx_deconv,svd_lowrank,0.6,-10.331806375990988,0.22160612355804243,1.2247032876652477,0.6575335854648255,1
FP1,posthoc_best,fk_filter,fx_deconv,0.4,2.0895737752414916,0.7120634658597987,2.0146687917048616,0.29793559378337026,1
FP1,posthoc_best,fk_filter,fx_deconv,0.5,2.0835383990119087,0.7122001167123515,2.014332843238995,0.2991962351217892,1
FP1,posthoc_best,fk_filter,fx_deconv,0.6,2.0770185840745166,0.7123487917436495,2.013978392666995,0.3005367125947247,1
FP1,member_single,fx_deconv,,,-6.487788645925647,0.8575888492665079,1.1005800047869851,0.6982282393749859,1
FP1,member_single,svd_lowrank,,,-10.666807893012653,0.03798248558614505,1.0180670370395855,0.3396590827185915,1
FP1,member_single,wavelet_threshold,,,-0.957685774778846,2.3090526483769816e-05,1.0003475771024593,0.41393725317805286,1
FP1,member_single,fk_filter,,,7.900506842688078,0.7336169316087899,1.840425789235599,0.030223675601612966,1
FP2,primary_preregistered,fx_deconv,wavelet_threshold,0.4,-4.447290748399946,0.11757746071399508,1.4884197560777326,0.3962861634911685,3
FP2,primary_preregistered,fx_deconv,wavelet_threshold,0.5,-4.446067545031821,0.1160019954678056,1.482960153188369,0.396300490354403,3
FP2,primary_preregistered,fx_deconv,wavelet_threshold,0.6,-4.439910279565672,0.11435302213607869,1.477126989413059,0.39639235331837314,3
FP2,control_preregistered,fx_deconv,svd_lowrank,0.4,-4.932156510239839,0.11797035607386357,1.4795837856223923,0.4040592225051602,3
FP2,control_preregistered,fx_deconv,svd_lowrank,0.5,-4.914857711025541,0.11584780114504145,1.4716010051079373,0.4044063304174098,3
FP2,control_preregistered,fx_deconv,svd_lowrank,0.6,-4.889905878220769,0.11365137153772663,1.4631457220620423,0.4048788216398945,3
FP2,posthoc_best,fk_filter,fx_deconv,0.4,-6.04610552339457,0.4417175758411699,2.526095577991321,0.20129627421600105,3
FP2,posthoc_best,fk_filter,fx_deconv,0.5,-6.056917350765789,0.44160392281112976,2.525981444035306,0.20130463370523563,3
FP2,posthoc_best,fk_filter,fx_deconv,0.6,-6.068580180043966,0.4414805807118022,2.5258493393618933,0.20131475815304212,3
FP2,member_single,fx_deconv,,,-3.329802345507688,0.4779343528218033,1.9670448512708592,0.40070537763061514,3
FP2,member_single,svd_lowrank,,,-0.9892757190323178,0.01999110938923344,1.0055080729655401,0.511072847005505,3
FP2,member_single,wavelet_threshold,,,-0.8984444311551918,0.0006302572056637512,1.0094399607145845,0.3914491423871631,3
FP2,member_single,fk_filter,,,-3.9658977145093326,0.6513548754188917,1.7447150885612503,0.13630400912137355,3
FP3,primary_preregistered,fx_deconv,wavelet_threshold,0.4,-3.593610436291663,0.13979458188850333,nan,nan,0
FP3,primary_preregistered,fx_deconv,wavelet_threshold,0.5,-3.589864159818709,0.13803906401579324,nan,nan,0
FP3,primary_preregistered,fx_deconv,wavelet_threshold,0.6,-3.584205034369673,0.13619949550953725,nan,nan,0
FP3,control_preregistered,fx_deconv,svd_lowrank,0.4,-5.335273803051921,0.13840135818283542,nan,nan,0
FP3,control_preregistered,fx_deconv,svd_lowrank,0.5,-5.328338803671132,0.13587113073247897,nan,nan,0
FP3,control_preregistered,fx_deconv,svd_lowrank,0.6,-5.307527836560735,0.1332515446775569,nan,nan,0
FP3,posthoc_best,fk_filter,fx_deconv,0.4,-5.4661336834526155,0.4792663523800156,nan,nan,0
FP3,posthoc_best,fk_filter,fx_deconv,0.5,-5.466714011961855,0.4791554071899912,nan,nan,0
FP3,posthoc_best,fk_filter,fx_deconv,0.6,-5.467342726147471,0.47903421651327616,nan,nan,0
FP3,member_single,fx_deconv,,,-2.7635664381272047,0.5633803003632232,nan,nan,0
FP3,member_single,svd_lowrank,,,-2.5444181661106984,0.01885996265846636,nan,nan,0
FP3,member_single,wavelet_threshold,,,-1.6682587243058293,0.0009858880974606132,nan,nan,0
FP3,member_single,fk_filter,,,-2.8740693288473422,0.6169144552138193,nan,nan,0
